chunk_id,source_id,source_filename,source_title,publisher,publication_year,intervention_category,page_number,section_heading,source_url,source_sha256,evidence_geography,local_applicability,extraction_method,word_count
f5c0c11feab7f5cc-p004-c001,f5c0c11feab7f5cc,reducing_urban_heat_islands_ch_1.pdf,Urban Heat Island Basics,U.S. Environmental Protection Agency,2008,Urban Heat Island Basics,4,Urban Heat Island Basics,https://www.epa.gov/heat-islands/heat-island-compendium,f5c0c11feab7f5ccc9c4d8ed9f896a4a08f655c724ef17757bba964f369306a8,Primarily U.S.-based evidence; verify local applicability,Not established for Pakistan; assess site and climate context,pymupdf_sorted_blocks_cleaned_v4,295
f5c0c11feab7f5cc-p004-c002,f5c0c11feab7f5cc,reducing_urban_heat_islands_ch_1.pdf,Urban Heat Island Basics,U.S. Environmental Protection Agency,2008,Urban Heat Island Basics,4,Urban Heat Island Basics,https://www.epa.gov/heat-islands/heat-island-compendium,f5c0c11feab7f5ccc9c4d8ed9f896a4a08f655c724ef17757bba964f369306a8,Primarily U.S.-based evidence; verify local applicability,Not established for Pakistan; assess site and climate context,pymupdf_sorted_blocks_cleaned_v4,88
f5c0c11feab7f5cc-p005-c001,f5c0c11feab7f5cc,reducing_urban_heat_islands_ch_1.pdf,Urban Heat Island Basics,U.S. Environmental Protection Agency,2008,Urban Heat Island Basics,5,Urban Heat Island Basics,https://www.epa.gov/heat-islands/heat-island-compendium,f5c0c11feab7f5ccc9c4d8ed9f896a4a08f655c724ef17757bba964f369306a8,Primarily U.S.-based evidence; verify local applicability,Not established for Pakistan; assess site and climate context,pymupdf_sorted_blocks_cleaned_v4,263
f5c0c11feab7f5cc-p005-c002,f5c0c11feab7f5cc,reducing_urban_heat_islands_ch_1.pdf,Urban Heat Island Basics,U.S. Environmental Protection Agency,2008,Urban Heat Island Basics,5,Urban Heat Island Basics,https://www.epa.gov/heat-islands/heat-island-compendium,f5c0c11feab7f5ccc9c4d8ed9f896a4a08f655c724ef17757bba964f369306a8,Primarily U.S.-based evidence; verify local applicability,Not established for Pakistan; assess site and climate context,pymupdf_sorted_blocks_cleaned_v4,191
f5c0c11feab7f5cc-p006-c001,f5c0c11feab7f5cc,reducing_urban_heat_islands_ch_1.pdf,Urban Heat Island Basics,U.S. Environmental Protection Agency,2008,Urban Heat Island Basics,6,Urban Heat Island Basics,https://www.epa.gov/heat-islands/heat-island-compendium,f5c0c11feab7f5ccc9c4d8ed9f896a4a08f655c724ef17757bba964f369306a8,Primarily U.S.-based evidence; verify local applicability,Not established for Pakistan; assess site and climate context,pymupdf_sorted_blocks_cleaned_v4,259
f5c0c11feab7f5cc-p007-c001,f5c0c11feab7f5cc,reducing_urban_heat_islands_ch_1.pdf,Urban Heat Island Basics,U.S. Environmental Protection Agency,2008,Urban Heat Island Basics,7,Urban Heat Island Basics,https://www.epa.gov/heat-islands/heat-island-compendium,f5c0c11feab7f5ccc9c4d8ed9f896a4a08f655c724ef17757bba964f369306a8,Primarily U.S.-based evidence; verify local applicability,Not established for Pakistan; assess site and climate context,pymupdf_sorted_blocks_cleaned_v4,218
f5c0c11feab7f5cc-p008-c001,f5c0c11feab7f5cc,reducing_urban_heat_islands_ch_1.pdf,Urban Heat Island Basics,U.S. Environmental Protection Agency,2008,Urban Heat Island Basics,8,Air Temperature Heat Island Intensity Time,https://www.epa.gov/heat-islands/heat-island-compendium,f5c0c11feab7f5ccc9c4d8ed9f896a4a08f655c724ef17757bba964f369306a8,Primarily U.S.-based evidence; verify local applicability,Not established for Pakistan; assess site and climate context,pymupdf_sorted_blocks_cleaned_v4,301
f5c0c11feab7f5cc-p009-c001,f5c0c11feab7f5cc,reducing_urban_heat_islands_ch_1.pdf,Urban Heat Island Basics,U.S. Environmental Protection Agency,2008,Urban Heat Island Basics,9,Air Temperature Heat Island Intensity Time,https://www.epa.gov/heat-islands/heat-island-compendium,f5c0c11feab7f5ccc9c4d8ed9f896a4a08f655c724ef17757bba964f369306a8,Primarily U.S.-based evidence; verify local applicability,Not established for Pakistan; assess site and climate context,pymupdf_sorted_blocks_cleaned_v4,308
f5c0c11feab7f5cc-p009-c002,f5c0c11feab7f5cc,reducing_urban_heat_islands_ch_1.pdf,Urban Heat Island Basics,U.S. Environmental Protection Agency,2008,Urban Heat Island Basics,9,Air Temperature Heat Island Intensity Time,https://www.epa.gov/heat-islands/heat-island-compendium,f5c0c11feab7f5ccc9c4d8ed9f896a4a08f655c724ef17757bba964f369306a8,Primarily U.S.-based evidence; verify local applicability,Not established for Pakistan; assess site and climate context,pymupdf_sorted_blocks_cleaned_v4,290
f5c0c11feab7f5cc-p010-c001,f5c0c11feab7f5cc,reducing_urban_heat_islands_ch_1.pdf,Urban Heat Island Basics,U.S. Environmental Protection Agency,2008,Urban Heat Island Basics,10,Air Temperature Heat Island Intensity Time,https://www.epa.gov/heat-islands/heat-island-compendium,f5c0c11feab7f5ccc9c4d8ed9f896a4a08f655c724ef17757bba964f369306a8,Primarily U.S.-based evidence; verify local applicability,Not established for Pakistan; assess site and climate context,pymupdf_sorted_blocks_cleaned_v4,241
f5c0c11feab7f5cc-p011-c001,f5c0c11feab7f5cc,reducing_urban_heat_islands_ch_1.pdf,Urban Heat Island Basics,U.S. Environmental Protection Agency,2008,Urban Heat Island Basics,11,Air Temperature Heat Island Intensity Time,https://www.epa.gov/heat-islands/heat-island-compendium,f5c0c11feab7f5ccc9c4d8ed9f896a4a08f655c724ef17757bba964f369306a8,Primarily U.S.-based evidence; verify local applicability,Not established for Pakistan; assess site and climate context,pymupdf_sorted_blocks_cleaned_v4,285
f5c0c11feab7f5cc-p012-c001,f5c0c11feab7f5cc,reducing_urban_heat_islands_ch_1.pdf,Urban Heat Island Basics,U.S. Environmental Protection Agency,2008,Urban Heat Island Basics,12,Air Temperature Heat Island Intensity Time,https://www.epa.gov/heat-islands/heat-island-compendium,f5c0c11feab7f5ccc9c4d8ed9f896a4a08f655c724ef17757bba964f369306a8,Primarily U.S.-based evidence; verify local applicability,Not established for Pakistan; assess site and climate context,pymupdf_sorted_blocks_cleaned_v4,312
f5c0c11feab7f5cc-p012-c002,f5c0c11feab7f5cc,reducing_urban_heat_islands_ch_1.pdf,Urban Heat Island Basics,U.S. Environmental Protection Agency,2008,Urban Heat Island Basics,12,Air Temperature Heat Island Intensity Time,https://www.epa.gov/heat-islands/heat-island-compendium,f5c0c11feab7f5ccc9c4d8ed9f896a4a08f655c724ef17757bba964f369306a8,Primarily U.S.-based evidence; verify local applicability,Not established for Pakistan; assess site and climate context,pymupdf_sorted_blocks_cleaned_v4,100
f5c0c11feab7f5cc-p013-c001,f5c0c11feab7f5cc,reducing_urban_heat_islands_ch_1.pdf,Urban Heat Island Basics,U.S. Environmental Protection Agency,2008,Urban Heat Island Basics,13,Air Temperature Heat Island Intensity Time,https://www.epa.gov/heat-islands/heat-island-compendium,f5c0c11feab7f5ccc9c4d8ed9f896a4a08f655c724ef17757bba964f369306a8,Primarily U.S.-based evidence; verify local applicability,Not established for Pakistan; assess site and climate context,pymupdf_sorted_blocks_cleaned_v4,314
f5c0c11feab7f5cc-p013-c002,f5c0c11feab7f5cc,reducing_urban_heat_islands_ch_1.pdf,Urban Heat Island Basics,U.S. Environmental Protection Agency,2008,Urban Heat Island Basics,13,Air Temperature Heat Island Intensity Time,https://www.epa.gov/heat-islands/heat-island-compendium,f5c0c11feab7f5ccc9c4d8ed9f896a4a08f655c724ef17757bba964f369306a8,Primarily U.S.-based evidence; verify local applicability,Not established for Pakistan; assess site and climate context,pymupdf_sorted_blocks_cleaned_v4,189
f5c0c11feab7f5cc-p014-c001,f5c0c11feab7f5cc,reducing_urban_heat_islands_ch_1.pdf,Urban Heat Island Basics,U.S. Environmental Protection Agency,2008,Urban Heat Island Basics,14,Air Temperature Heat Island Intensity Time,https://www.epa.gov/heat-islands/heat-island-compendium,f5c0c11feab7f5ccc9c4d8ed9f896a4a08f655c724ef17757bba964f369306a8,Primarily U.S.-based evidence; verify local applicability,Not established for Pakistan; assess site and climate context,pymupdf_sorted_blocks_cleaned_v4,226
f5c0c11feab7f5cc-p015-c001,f5c0c11feab7f5cc,reducing_urban_heat_islands_ch_1.pdf,Urban Heat Island Basics,U.S. Environmental Protection Agency,2008,Urban Heat Island Basics,15,Air Temperature Heat Island Intensity Time,https://www.epa.gov/heat-islands/heat-island-compendium,f5c0c11feab7f5ccc9c4d8ed9f896a4a08f655c724ef17757bba964f369306a8,Primarily U.S.-based evidence; verify local applicability,Not established for Pakistan; assess site and climate context,pymupdf_sorted_blocks_cleaned_v4,305
f5c0c11feab7f5cc-p015-c002,f5c0c11feab7f5cc,reducing_urban_heat_islands_ch_1.pdf,Urban Heat Island Basics,U.S. Environmental Protection Agency,2008,Urban Heat Island Basics,15,Air Temperature Heat Island Intensity Time,https://www.epa.gov/heat-islands/heat-island-compendium,f5c0c11feab7f5ccc9c4d8ed9f896a4a08f655c724ef17757bba964f369306a8,Primarily U.S.-based evidence; verify local applicability,Not established for Pakistan; assess site and climate context,pymupdf_sorted_blocks_cleaned_v4,225
f5c0c11feab7f5cc-p016-c001,f5c0c11feab7f5cc,reducing_urban_heat_islands_ch_1.pdf,Urban Heat Island Basics,U.S. Environmental Protection Agency,2008,Urban Heat Island Basics,16,Air Temperature Heat Island Intensity Time,https://www.epa.gov/heat-islands/heat-island-compendium,f5c0c11feab7f5ccc9c4d8ed9f896a4a08f655c724ef17757bba964f369306a8,Primarily U.S.-based evidence; verify local applicability,Not established for Pakistan; assess site and climate context,pymupdf_sorted_blocks_cleaned_v4,257
f5c0c11feab7f5cc-p016-c002,f5c0c11feab7f5cc,reducing_urban_heat_islands_ch_1.pdf,Urban Heat Island Basics,U.S. Environmental Protection Agency,2008,Urban Heat Island Basics,16,Air Temperature Heat Island Intensity Time,https://www.epa.gov/heat-islands/heat-island-compendium,f5c0c11feab7f5ccc9c4d8ed9f896a4a08f655c724ef17757bba964f369306a8,Primarily U.S.-based evidence; verify local applicability,Not established for Pakistan; assess site and climate context,pymupdf_sorted_blocks_cleaned_v4,232
f5c0c11feab7f5cc-p017-c001,f5c0c11feab7f5cc,reducing_urban_heat_islands_ch_1.pdf,Urban Heat Island Basics,U.S. Environmental Protection Agency,2008,Urban Heat Island Basics,17,Air Temperature Heat Island Intensity Time,https://www.epa.gov/heat-islands/heat-island-compendium,f5c0c11feab7f5ccc9c4d8ed9f896a4a08f655c724ef17757bba964f369306a8,Primarily U.S.-based evidence; verify local applicability,Not established for Pakistan; assess site and climate context,pymupdf_sorted_blocks_cleaned_v4,273
f5c0c11feab7f5cc-p017-c002,f5c0c11feab7f5cc,reducing_urban_heat_islands_ch_1.pdf,Urban Heat Island Basics,U.S. Environmental Protection Agency,2008,Urban Heat Island Basics,17,Air Temperature Heat Island Intensity Time,https://www.epa.gov/heat-islands/heat-island-compendium,f5c0c11feab7f5ccc9c4d8ed9f896a4a08f655c724ef17757bba964f369306a8,Primarily U.S.-based evidence; verify local applicability,Not established for Pakistan; assess site and climate context,pymupdf_sorted_blocks_cleaned_v4,126
f5c0c11feab7f5cc-p018-c001,f5c0c11feab7f5cc,reducing_urban_heat_islands_ch_1.pdf,Urban Heat Island Basics,U.S. Environmental Protection Agency,2008,Urban Heat Island Basics,18,Rapid temperature changes in aquatic,https://www.epa.gov/heat-islands/heat-island-compendium,f5c0c11feab7f5ccc9c4d8ed9f896a4a08f655c724ef17757bba964f369306a8,Primarily U.S.-based evidence; verify local applicability,Not established for Pakistan; assess site and climate context,pymupdf_sorted_blocks_cleaned_v4,305
f5c0c11feab7f5cc-p018-c002,f5c0c11feab7f5cc,reducing_urban_heat_islands_ch_1.pdf,Urban Heat Island Basics,U.S. Environmental Protection Agency,2008,Urban Heat Island Basics,18,Rapid temperature changes in aquatic,https://www.epa.gov/heat-islands/heat-island-compendium,f5c0c11feab7f5ccc9c4d8ed9f896a4a08f655c724ef17757bba964f369306a8,Primarily U.S.-based evidence; verify local applicability,Not established for Pakistan; assess site and climate context,pymupdf_sorted_blocks_cleaned_v4,210
f5c0c11feab7f5cc-p019-c001,f5c0c11feab7f5cc,reducing_urban_heat_islands_ch_1.pdf,Urban Heat Island Basics,U.S. Environmental Protection Agency,2008,Urban Heat Island Basics,19,Rapid temperature changes in aquatic,https://www.epa.gov/heat-islands/heat-island-compendium,f5c0c11feab7f5ccc9c4d8ed9f896a4a08f655c724ef17757bba964f369306a8,Primarily U.S.-based evidence; verify local applicability,Not established for Pakistan; assess site and climate context,pymupdf_sorted_blocks_cleaned_v4,305
f5c0c11feab7f5cc-p020-c001,f5c0c11feab7f5cc,reducing_urban_heat_islands_ch_1.pdf,Urban Heat Island Basics,U.S. Environmental Protection Agency,2008,Urban Heat Island Basics,20,Rapid temperature changes in aquatic,https://www.epa.gov/heat-islands/heat-island-compendium,f5c0c11feab7f5ccc9c4d8ed9f896a4a08f655c724ef17757bba964f369306a8,Primarily U.S.-based evidence; verify local applicability,Not established for Pakistan; assess site and climate context,pymupdf_sorted_blocks_cleaned_v4,310
f5c0c11feab7f5cc-p020-c002,f5c0c11feab7f5cc,reducing_urban_heat_islands_ch_1.pdf,Urban Heat Island Basics,U.S. Environmental Protection Agency,2008,Urban Heat Island Basics,20,Rapid temperature changes in aquatic,https://www.epa.gov/heat-islands/heat-island-compendium,f5c0c11feab7f5ccc9c4d8ed9f896a4a08f655c724ef17757bba964f369306a8,Primarily U.S.-based evidence; verify local applicability,Not established for Pakistan; assess site and climate context,pymupdf_sorted_blocks_cleaned_v4,126
f5c0c11feab7f5cc-p021-c001,f5c0c11feab7f5cc,reducing_urban_heat_islands_ch_1.pdf,Urban Heat Island Basics,U.S. Environmental Protection Agency,2008,Urban Heat Island Basics,21,Rapid temperature changes in aquatic,https://www.epa.gov/heat-islands/heat-island-compendium,f5c0c11feab7f5ccc9c4d8ed9f896a4a08f655c724ef17757bba964f369306a8,Primarily U.S.-based evidence; verify local applicability,Not established for Pakistan; assess site and climate context,pymupdf_sorted_blocks_cleaned_v4,319
f5c0c11feab7f5cc-p021-c002,f5c0c11feab7f5cc,reducing_urban_heat_islands_ch_1.pdf,Urban Heat Island Basics,U.S. Environmental Protection Agency,2008,Urban Heat Island Basics,21,Rapid temperature changes in aquatic,https://www.epa.gov/heat-islands/heat-island-compendium,f5c0c11feab7f5ccc9c4d8ed9f896a4a08f655c724ef17757bba964f369306a8,Primarily U.S.-based evidence; verify local applicability,Not established for Pakistan; assess site and climate context,pymupdf_sorted_blocks_cleaned_v4,219
f5c0c11feab7f5cc-p022-c001,f5c0c11feab7f5cc,reducing_urban_heat_islands_ch_1.pdf,Urban Heat Island Basics,U.S. Environmental Protection Agency,2008,Urban Heat Island Basics,22,Rapid temperature changes in aquatic,https://www.epa.gov/heat-islands/heat-island-compendium,f5c0c11feab7f5ccc9c4d8ed9f896a4a08f655c724ef17757bba964f369306a8,Primarily U.S.-based evidence; verify local applicability,Not established for Pakistan; assess site and climate context,pymupdf_sorted_blocks_cleaned_v4,207
f8d58a6458cf77a8-p004-c001,f8d58a6458cf77a8,reducing_urban_heat_islands_ch_2.pdf,Trees and Vegetation,U.S. Environmental Protection Agency,2008,Trees and Vegetation,4,Trees and Vegetation,https://www.epa.gov/heat-islands/heat-island-compendium,f8d58a6458cf77a8023141d5ea4a762c14797b32974cd9f8db3fd8b215fddd76,Primarily U.S.-based evidence; verify local applicability,Not established for Pakistan; assess site and climate context,pymupdf_sorted_blocks_cleaned_v4,227
f8d58a6458cf77a8-p005-c001,f8d58a6458cf77a8,reducing_urban_heat_islands_ch_2.pdf,Trees and Vegetation,U.S. Environmental Protection Agency,2008,Trees and Vegetation,5,Trees and Vegetation,https://www.epa.gov/heat-islands/heat-island-compendium,f8d58a6458cf77a8023141d5ea4a762c14797b32974cd9f8db3fd8b215fddd76,Primarily U.S.-based evidence; verify local applicability,Not established for Pakistan; assess site and climate context,pymupdf_sorted_blocks_cleaned_v4,264
f8d58a6458cf77a8-p006-c001,f8d58a6458cf77a8,reducing_urban_heat_islands_ch_2.pdf,Trees and Vegetation,U.S. Environmental Protection Agency,2008,Trees and Vegetation,6,Trees and Vegetation,https://www.epa.gov/heat-islands/heat-island-compendium,f8d58a6458cf77a8023141d5ea4a762c14797b32974cd9f8db3fd8b215fddd76,Primarily U.S.-based evidence; verify local applicability,Not established for Pakistan; assess site and climate context,pymupdf_sorted_blocks_cleaned_v4,315
f8d58a6458cf77a8-p006-c002,f8d58a6458cf77a8,reducing_urban_heat_islands_ch_2.pdf,Trees and Vegetation,U.S. Environmental Protection Agency,2008,Trees and Vegetation,6,Trees and Vegetation,https://www.epa.gov/heat-islands/heat-island-compendium,f8d58a6458cf77a8023141d5ea4a762c14797b32974cd9f8db3fd8b215fddd76,Primarily U.S.-based evidence; verify local applicability,Not established for Pakistan; assess site and climate context,pymupdf_sorted_blocks_cleaned_v4,207
f8d58a6458cf77a8-p007-c001,f8d58a6458cf77a8,reducing_urban_heat_islands_ch_2.pdf,Trees and Vegetation,U.S. Environmental Protection Agency,2008,Trees and Vegetation,7,Trees and Vegetation,https://www.epa.gov/heat-islands/heat-island-compendium,f8d58a6458cf77a8023141d5ea4a762c14797b32974cd9f8db3fd8b215fddd76,Primarily U.S.-based evidence; verify local applicability,Not established for Pakistan; assess site and climate context,pymupdf_sorted_blocks_cleaned_v4,279
f8d58a6458cf77a8-p008-c001,f8d58a6458cf77a8,reducing_urban_heat_islands_ch_2.pdf,Trees and Vegetation,U.S. Environmental Protection Agency,2008,Trees and Vegetation,8,Trees and Vegetation,https://www.epa.gov/heat-islands/heat-island-compendium,f8d58a6458cf77a8023141d5ea4a762c14797b32974cd9f8db3fd8b215fddd76,Primarily U.S.-based evidence; verify local applicability,Not established for Pakistan; assess site and climate context,pymupdf_sorted_blocks_cleaned_v4,316
f8d58a6458cf77a8-p008-c002,f8d58a6458cf77a8,reducing_urban_heat_islands_ch_2.pdf,Trees and Vegetation,U.S. Environmental Protection Agency,2008,Trees and Vegetation,8,Trees and Vegetation,https://www.epa.gov/heat-islands/heat-island-compendium,f8d58a6458cf77a8023141d5ea4a762c14797b32974cd9f8db3fd8b215fddd76,Primarily U.S.-based evidence; verify local applicability,Not established for Pakistan; assess site and climate context,pymupdf_sorted_blocks_cleaned_v4,236
f8d58a6458cf77a8-p009-c001,f8d58a6458cf77a8,reducing_urban_heat_islands_ch_2.pdf,Trees and Vegetation,U.S. Environmental Protection Agency,2008,Trees and Vegetation,9,Trees and Vegetation,https://www.epa.gov/heat-islands/heat-island-compendium,f8d58a6458cf77a8023141d5ea4a762c14797b32974cd9f8db3fd8b215fddd76,Primarily U.S.-based evidence; verify local applicability,Not established for Pakistan; assess site and climate context,pymupdf_sorted_blocks_cleaned_v4,297
f8d58a6458cf77a8-p009-c002,f8d58a6458cf77a8,reducing_urban_heat_islands_ch_2.pdf,Trees and Vegetation,U.S. Environmental Protection Agency,2008,Trees and Vegetation,9,Trees and Vegetation,https://www.epa.gov/heat-islands/heat-island-compendium,f8d58a6458cf77a8023141d5ea4a762c14797b32974cd9f8db3fd8b215fddd76,Primarily U.S.-based evidence; verify local applicability,Not established for Pakistan; assess site and climate context,pymupdf_sorted_blocks_cleaned_v4,304
f8d58a6458cf77a8-p010-c001,f8d58a6458cf77a8,reducing_urban_heat_islands_ch_2.pdf,Trees and Vegetation,U.S. Environmental Protection Agency,2008,Trees and Vegetation,10,Trees and Vegetation,https://www.epa.gov/heat-islands/heat-island-compendium,f8d58a6458cf77a8023141d5ea4a762c14797b32974cd9f8db3fd8b215fddd76,Primarily U.S.-based evidence; verify local applicability,Not established for Pakistan; assess site and climate context,pymupdf_sorted_blocks_cleaned_v4,315
f8d58a6458cf77a8-p010-c002,f8d58a6458cf77a8,reducing_urban_heat_islands_ch_2.pdf,Trees and Vegetation,U.S. Environmental Protection Agency,2008,Trees and Vegetation,10,Trees and Vegetation,https://www.epa.gov/heat-islands/heat-island-compendium,f8d58a6458cf77a8023141d5ea4a762c14797b32974cd9f8db3fd8b215fddd76,Primarily U.S.-based evidence; verify local applicability,Not established for Pakistan; assess site and climate context,pymupdf_sorted_blocks_cleaned_v4,222
f8d58a6458cf77a8-p011-c001,f8d58a6458cf77a8,reducing_urban_heat_islands_ch_2.pdf,Trees and Vegetation,U.S. Environmental Protection Agency,2008,Trees and Vegetation,11,Trees and Vegetation,https://www.epa.gov/heat-islands/heat-island-compendium,f8d58a6458cf77a8023141d5ea4a762c14797b32974cd9f8db3fd8b215fddd76,Primarily U.S.-based evidence; verify local applicability,Not established for Pakistan; assess site and climate context,pymupdf_sorted_blocks_cleaned_v4,295
f8d58a6458cf77a8-p011-c002,f8d58a6458cf77a8,reducing_urban_heat_islands_ch_2.pdf,Trees and Vegetation,U.S. Environmental Protection Agency,2008,Trees and Vegetation,11,Trees and Vegetation,https://www.epa.gov/heat-islands/heat-island-compendium,f8d58a6458cf77a8023141d5ea4a762c14797b32974cd9f8db3fd8b215fddd76,Primarily U.S.-based evidence; verify local applicability,Not established for Pakistan; assess site and climate context,pymupdf_sorted_blocks_cleaned_v4,193
f8d58a6458cf77a8-p012-c001,f8d58a6458cf77a8,reducing_urban_heat_islands_ch_2.pdf,Trees and Vegetation,U.S. Environmental Protection Agency,2008,Trees and Vegetation,12,Trees and Vegetation,https://www.epa.gov/heat-islands/heat-island-compendium,f8d58a6458cf77a8023141d5ea4a762c14797b32974cd9f8db3fd8b215fddd76,Primarily U.S.-based evidence; verify local applicability,Not established for Pakistan; assess site and climate context,pymupdf_sorted_blocks_cleaned_v4,302
f8d58a6458cf77a8-p012-c002,f8d58a6458cf77a8,reducing_urban_heat_islands_ch_2.pdf,Trees and Vegetation,U.S. Environmental Protection Agency,2008,Trees and Vegetation,12,Trees and Vegetation,https://www.epa.gov/heat-islands/heat-island-compendium,f8d58a6458cf77a8023141d5ea4a762c14797b32974cd9f8db3fd8b215fddd76,Primarily U.S.-based evidence; verify local applicability,Not established for Pakistan; assess site and climate context,pymupdf_sorted_blocks_cleaned_v4,211
f8d58a6458cf77a8-p013-c001,f8d58a6458cf77a8,reducing_urban_heat_islands_ch_2.pdf,Trees and Vegetation,U.S. Environmental Protection Agency,2008,Trees and Vegetation,13,Trees and Vegetation,https://www.epa.gov/heat-islands/heat-island-compendium,f8d58a6458cf77a8023141d5ea4a762c14797b32974cd9f8db3fd8b215fddd76,Primarily U.S.-based evidence; verify local applicability,Not established for Pakistan; assess site and climate context,pymupdf_sorted_blocks_cleaned_v4,225
f8d58a6458cf77a8-p014-c001,f8d58a6458cf77a8,reducing_urban_heat_islands_ch_2.pdf,Trees and Vegetation,U.S. Environmental Protection Agency,2008,Trees and Vegetation,14,Trees and Vegetation,https://www.epa.gov/heat-islands/heat-island-compendium,f8d58a6458cf77a8023141d5ea4a762c14797b32974cd9f8db3fd8b215fddd76,Primarily U.S.-based evidence; verify local applicability,Not established for Pakistan; assess site and climate context,pymupdf_sorted_blocks_cleaned_v4,299
f8d58a6458cf77a8-p014-c002,f8d58a6458cf77a8,reducing_urban_heat_islands_ch_2.pdf,Trees and Vegetation,U.S. Environmental Protection Agency,2008,Trees and Vegetation,14,Trees and Vegetation,https://www.epa.gov/heat-islands/heat-island-compendium,f8d58a6458cf77a8023141d5ea4a762c14797b32974cd9f8db3fd8b215fddd76,Primarily U.S.-based evidence; verify local applicability,Not established for Pakistan; assess site and climate context,pymupdf_sorted_blocks_cleaned_v4,208
f8d58a6458cf77a8-p015-c001,f8d58a6458cf77a8,reducing_urban_heat_islands_ch_2.pdf,Trees and Vegetation,U.S. Environmental Protection Agency,2008,Trees and Vegetation,15,Trees and Vegetation,https://www.epa.gov/heat-islands/heat-island-compendium,f8d58a6458cf77a8023141d5ea4a762c14797b32974cd9f8db3fd8b215fddd76,Primarily U.S.-based evidence; verify local applicability,Not established for Pakistan; assess site and climate context,pymupdf_sorted_blocks_cleaned_v4,315
f8d58a6458cf77a8-p015-c002,f8d58a6458cf77a8,reducing_urban_heat_islands_ch_2.pdf,Trees and Vegetation,U.S. Environmental Protection Agency,2008,Trees and Vegetation,15,Trees and Vegetation,https://www.epa.gov/heat-islands/heat-island-compendium,f8d58a6458cf77a8023141d5ea4a762c14797b32974cd9f8db3fd8b215fddd76,Primarily U.S.-based evidence; verify local applicability,Not established for Pakistan; assess site and climate context,pymupdf_sorted_blocks_cleaned_v4,126
f8d58a6458cf77a8-p016-c001,f8d58a6458cf77a8,reducing_urban_heat_islands_ch_2.pdf,Trees and Vegetation,U.S. Environmental Protection Agency,2008,Trees and Vegetation,16,Trees and Vegetation,https://www.epa.gov/heat-islands/heat-island-compendium,f8d58a6458cf77a8023141d5ea4a762c14797b32974cd9f8db3fd8b215fddd76,Primarily U.S.-based evidence; verify local applicability,Not established for Pakistan; assess site and climate context,pymupdf_sorted_blocks_cleaned_v4,312
f8d58a6458cf77a8-p016-c002,f8d58a6458cf77a8,reducing_urban_heat_islands_ch_2.pdf,Trees and Vegetation,U.S. Environmental Protection Agency,2008,Trees and Vegetation,16,Trees and Vegetation,https://www.epa.gov/heat-islands/heat-island-compendium,f8d58a6458cf77a8023141d5ea4a762c14797b32974cd9f8db3fd8b215fddd76,Primarily U.S.-based evidence; verify local applicability,Not established for Pakistan; assess site and climate context,pymupdf_sorted_blocks_cleaned_v4,196
f8d58a6458cf77a8-p017-c001,f8d58a6458cf77a8,reducing_urban_heat_islands_ch_2.pdf,Trees and Vegetation,U.S. Environmental Protection Agency,2008,Trees and Vegetation,17,Trees and Vegetation,https://www.epa.gov/heat-islands/heat-island-compendium,f8d58a6458cf77a8023141d5ea4a762c14797b32974cd9f8db3fd8b215fddd76,Primarily U.S.-based evidence; verify local applicability,Not established for Pakistan; assess site and climate context,pymupdf_sorted_blocks_cleaned_v4,313
f8d58a6458cf77a8-p017-c002,f8d58a6458cf77a8,reducing_urban_heat_islands_ch_2.pdf,Trees and Vegetation,U.S. Environmental Protection Agency,2008,Trees and Vegetation,17,Trees and Vegetation,https://www.epa.gov/heat-islands/heat-island-compendium,f8d58a6458cf77a8023141d5ea4a762c14797b32974cd9f8db3fd8b215fddd76,Primarily U.S.-based evidence; verify local applicability,Not established for Pakistan; assess site and climate context,pymupdf_sorted_blocks_cleaned_v4,130
f8d58a6458cf77a8-p018-c001,f8d58a6458cf77a8,reducing_urban_heat_islands_ch_2.pdf,Trees and Vegetation,U.S. Environmental Protection Agency,2008,Trees and Vegetation,18,Trees and Vegetation,https://www.epa.gov/heat-islands/heat-island-compendium,f8d58a6458cf77a8023141d5ea4a762c14797b32974cd9f8db3fd8b215fddd76,Primarily U.S.-based evidence; verify local applicability,Not established for Pakistan; assess site and climate context,pymupdf_sorted_blocks_cleaned_v4,312
f8d58a6458cf77a8-p019-c001,f8d58a6458cf77a8,reducing_urban_heat_islands_ch_2.pdf,Trees and Vegetation,U.S. Environmental Protection Agency,2008,Trees and Vegetation,19,Trees and Vegetation,https://www.epa.gov/heat-islands/heat-island-compendium,f8d58a6458cf77a8023141d5ea4a762c14797b32974cd9f8db3fd8b215fddd76,Primarily U.S.-based evidence; verify local applicability,Not established for Pakistan; assess site and climate context,pymupdf_sorted_blocks_cleaned_v4,319
f8d58a6458cf77a8-p019-c002,f8d58a6458cf77a8,reducing_urban_heat_islands_ch_2.pdf,Trees and Vegetation,U.S. Environmental Protection Agency,2008,Trees and Vegetation,19,Trees and Vegetation,https://www.epa.gov/heat-islands/heat-island-compendium,f8d58a6458cf77a8023141d5ea4a762c14797b32974cd9f8db3fd8b215fddd76,Primarily U.S.-based evidence; verify local applicability,Not established for Pakistan; assess site and climate context,pymupdf_sorted_blocks_cleaned_v4,138
f8d58a6458cf77a8-p020-c001,f8d58a6458cf77a8,reducing_urban_heat_islands_ch_2.pdf,Trees and Vegetation,U.S. Environmental Protection Agency,2008,Trees and Vegetation,20,Trees and Vegetation,https://www.epa.gov/heat-islands/heat-island-compendium,f8d58a6458cf77a8023141d5ea4a762c14797b32974cd9f8db3fd8b215fddd76,Primarily U.S.-based evidence; verify local applicability,Not established for Pakistan; assess site and climate context,pymupdf_sorted_blocks_cleaned_v4,274
f8d58a6458cf77a8-p021-c001,f8d58a6458cf77a8,reducing_urban_heat_islands_ch_2.pdf,Trees and Vegetation,U.S. Environmental Protection Agency,2008,Trees and Vegetation,21,Trees and Vegetation,https://www.epa.gov/heat-islands/heat-island-compendium,f8d58a6458cf77a8023141d5ea4a762c14797b32974cd9f8db3fd8b215fddd76,Primarily U.S.-based evidence; verify local applicability,Not established for Pakistan; assess site and climate context,pymupdf_sorted_blocks_cleaned_v4,188
f8d58a6458cf77a8-p022-c001,f8d58a6458cf77a8,reducing_urban_heat_islands_ch_2.pdf,Trees and Vegetation,U.S. Environmental Protection Agency,2008,Trees and Vegetation,22,Trees and Vegetation,https://www.epa.gov/heat-islands/heat-island-compendium,f8d58a6458cf77a8023141d5ea4a762c14797b32974cd9f8db3fd8b215fddd76,Primarily U.S.-based evidence; verify local applicability,Not established for Pakistan; assess site and climate context,pymupdf_sorted_blocks_cleaned_v4,127
f8d58a6458cf77a8-p023-c001,f8d58a6458cf77a8,reducing_urban_heat_islands_ch_2.pdf,Trees and Vegetation,U.S. Environmental Protection Agency,2008,Trees and Vegetation,23,Trees and Vegetation,https://www.epa.gov/heat-islands/heat-island-compendium,f8d58a6458cf77a8023141d5ea4a762c14797b32974cd9f8db3fd8b215fddd76,Primarily U.S.-based evidence; verify local applicability,Not established for Pakistan; assess site and climate context,pymupdf_sorted_blocks_cleaned_v4,230
f8d58a6458cf77a8-p024-c001,f8d58a6458cf77a8,reducing_urban_heat_islands_ch_2.pdf,Trees and Vegetation,U.S. Environmental Protection Agency,2008,Trees and Vegetation,24,Trees and Vegetation,https://www.epa.gov/heat-islands/heat-island-compendium,f8d58a6458cf77a8023141d5ea4a762c14797b32974cd9f8db3fd8b215fddd76,Primarily U.S.-based evidence; verify local applicability,Not established for Pakistan; assess site and climate context,pymupdf_sorted_blocks_cleaned_v4,310
f8d58a6458cf77a8-p025-c001,f8d58a6458cf77a8,reducing_urban_heat_islands_ch_2.pdf,Trees and Vegetation,U.S. Environmental Protection Agency,2008,Trees and Vegetation,25,Trees and Vegetation,https://www.epa.gov/heat-islands/heat-island-compendium,f8d58a6458cf77a8023141d5ea4a762c14797b32974cd9f8db3fd8b215fddd76,Primarily U.S.-based evidence; verify local applicability,Not established for Pakistan; assess site and climate context,pymupdf_sorted_blocks_cleaned_v4,315
f8d58a6458cf77a8-p026-c001,f8d58a6458cf77a8,reducing_urban_heat_islands_ch_2.pdf,Trees and Vegetation,U.S. Environmental Protection Agency,2008,Trees and Vegetation,26,Trees and Vegetation,https://www.epa.gov/heat-islands/heat-island-compendium,f8d58a6458cf77a8023141d5ea4a762c14797b32974cd9f8db3fd8b215fddd76,Primarily U.S.-based evidence; verify local applicability,Not established for Pakistan; assess site and climate context,pymupdf_sorted_blocks_cleaned_v4,155
f8d58a6458cf77a8-p027-c001,f8d58a6458cf77a8,reducing_urban_heat_islands_ch_2.pdf,Trees and Vegetation,U.S. Environmental Protection Agency,2008,Trees and Vegetation,27,Trees and Vegetation,https://www.epa.gov/heat-islands/heat-island-compendium,f8d58a6458cf77a8023141d5ea4a762c14797b32974cd9f8db3fd8b215fddd76,Primarily U.S.-based evidence; verify local applicability,Not established for Pakistan; assess site and climate context,pymupdf_sorted_blocks_cleaned_v4,298
f8d58a6458cf77a8-p028-c001,f8d58a6458cf77a8,reducing_urban_heat_islands_ch_2.pdf,Trees and Vegetation,U.S. Environmental Protection Agency,2008,Trees and Vegetation,28,Trees and Vegetation,https://www.epa.gov/heat-islands/heat-island-compendium,f8d58a6458cf77a8023141d5ea4a762c14797b32974cd9f8db3fd8b215fddd76,Primarily U.S.-based evidence; verify local applicability,Not established for Pakistan; assess site and climate context,pymupdf_sorted_blocks_cleaned_v4,140
f8d58a6458cf77a8-p029-c001,f8d58a6458cf77a8,reducing_urban_heat_islands_ch_2.pdf,Trees and Vegetation,U.S. Environmental Protection Agency,2008,Trees and Vegetation,29,Trees and Vegetation,https://www.epa.gov/heat-islands/heat-island-compendium,f8d58a6458cf77a8023141d5ea4a762c14797b32974cd9f8db3fd8b215fddd76,Primarily U.S.-based evidence; verify local applicability,Not established for Pakistan; assess site and climate context,pymupdf_sorted_blocks_cleaned_v4,320
f8d58a6458cf77a8-p029-c002,f8d58a6458cf77a8,reducing_urban_heat_islands_ch_2.pdf,Trees and Vegetation,U.S. Environmental Protection Agency,2008,Trees and Vegetation,29,Trees and Vegetation,https://www.epa.gov/heat-islands/heat-island-compendium,f8d58a6458cf77a8023141d5ea4a762c14797b32974cd9f8db3fd8b215fddd76,Primarily U.S.-based evidence; verify local applicability,Not established for Pakistan; assess site and climate context,pymupdf_sorted_blocks_cleaned_v4,216
f8d58a6458cf77a8-p030-c001,f8d58a6458cf77a8,reducing_urban_heat_islands_ch_2.pdf,Trees and Vegetation,U.S. Environmental Protection Agency,2008,Trees and Vegetation,30,Trees and Vegetation,https://www.epa.gov/heat-islands/heat-island-compendium,f8d58a6458cf77a8023141d5ea4a762c14797b32974cd9f8db3fd8b215fddd76,Primarily U.S.-based evidence; verify local applicability,Not established for Pakistan; assess site and climate context,pymupdf_sorted_blocks_cleaned_v4,319
f8d58a6458cf77a8-p030-c002,f8d58a6458cf77a8,reducing_urban_heat_islands_ch_2.pdf,Trees and Vegetation,U.S. Environmental Protection Agency,2008,Trees and Vegetation,30,Trees and Vegetation,https://www.epa.gov/heat-islands/heat-island-compendium,f8d58a6458cf77a8023141d5ea4a762c14797b32974cd9f8db3fd8b215fddd76,Primarily U.S.-based evidence; verify local applicability,Not established for Pakistan; assess site and climate context,pymupdf_sorted_blocks_cleaned_v4,256
f8d58a6458cf77a8-p031-c001,f8d58a6458cf77a8,reducing_urban_heat_islands_ch_2.pdf,Trees and Vegetation,U.S. Environmental Protection Agency,2008,Trees and Vegetation,31,Trees and Vegetation,https://www.epa.gov/heat-islands/heat-island-compendium,f8d58a6458cf77a8023141d5ea4a762c14797b32974cd9f8db3fd8b215fddd76,Primarily U.S.-based evidence; verify local applicability,Not established for Pakistan; assess site and climate context,pymupdf_sorted_blocks_cleaned_v4,305
f8d58a6458cf77a8-p031-c002,f8d58a6458cf77a8,reducing_urban_heat_islands_ch_2.pdf,Trees and Vegetation,U.S. Environmental Protection Agency,2008,Trees and Vegetation,31,Trees and Vegetation,https://www.epa.gov/heat-islands/heat-island-compendium,f8d58a6458cf77a8023141d5ea4a762c14797b32974cd9f8db3fd8b215fddd76,Primarily U.S.-based evidence; verify local applicability,Not established for Pakistan; assess site and climate context,pymupdf_sorted_blocks_cleaned_v4,265
f8d58a6458cf77a8-p032-c001,f8d58a6458cf77a8,reducing_urban_heat_islands_ch_2.pdf,Trees and Vegetation,U.S. Environmental Protection Agency,2008,Trees and Vegetation,32,Trees and Vegetation,https://www.epa.gov/heat-islands/heat-island-compendium,f8d58a6458cf77a8023141d5ea4a762c14797b32974cd9f8db3fd8b215fddd76,Primarily U.S.-based evidence; verify local applicability,Not established for Pakistan; assess site and climate context,pymupdf_sorted_blocks_cleaned_v4,319
8111c048fcb241ae-p004-c001,8111c048fcb241ae,reducing_urban_heat_islands_ch_3.pdf,Green Roofs,U.S. Environmental Protection Agency,2008,Green Roofs,4,Green Roofs,https://www.epa.gov/heat-islands/heat-island-compendium,8111c048fcb241aee2f074820f5d68c9c8a7e1305c6125bb1dabab306ca536f8,Primarily U.S.-based evidence; verify local applicability,Not established for Pakistan; assess site and climate context,pymupdf_sorted_blocks_cleaned_v4,287
8111c048fcb241ae-p005-c001,8111c048fcb241ae,reducing_urban_heat_islands_ch_3.pdf,Green Roofs,U.S. Environmental Protection Agency,2008,Green Roofs,5,Green Roofs,https://www.epa.gov/heat-islands/heat-island-compendium,8111c048fcb241aee2f074820f5d68c9c8a7e1305c6125bb1dabab306ca536f8,Primarily U.S.-based evidence; verify local applicability,Not established for Pakistan; assess site and climate context,pymupdf_sorted_blocks_cleaned_v4,307
8111c048fcb241ae-p005-c002,8111c048fcb241ae,reducing_urban_heat_islands_ch_3.pdf,Green Roofs,U.S. Environmental Protection Agency,2008,Green Roofs,5,Green Roofs,https://www.epa.gov/heat-islands/heat-island-compendium,8111c048fcb241aee2f074820f5d68c9c8a7e1305c6125bb1dabab306ca536f8,Primarily U.S.-based evidence; verify local applicability,Not established for Pakistan; assess site and climate context,pymupdf_sorted_blocks_cleaned_v4,166
8111c048fcb241ae-p006-c001,8111c048fcb241ae,reducing_urban_heat_islands_ch_3.pdf,Green Roofs,U.S. Environmental Protection Agency,2008,Green Roofs,6,Green Roofs,https://www.epa.gov/heat-islands/heat-island-compendium,8111c048fcb241aee2f074820f5d68c9c8a7e1305c6125bb1dabab306ca536f8,Primarily U.S.-based evidence; verify local applicability,Not established for Pakistan; assess site and climate context,pymupdf_sorted_blocks_cleaned_v4,299
8111c048fcb241ae-p006-c002,8111c048fcb241ae,reducing_urban_heat_islands_ch_3.pdf,Green Roofs,U.S. Environmental Protection Agency,2008,Green Roofs,6,Green Roofs,https://www.epa.gov/heat-islands/heat-island-compendium,8111c048fcb241aee2f074820f5d68c9c8a7e1305c6125bb1dabab306ca536f8,Primarily U.S.-based evidence; verify local applicability,Not established for Pakistan; assess site and climate context,pymupdf_sorted_blocks_cleaned_v4,239
8111c048fcb241ae-p007-c001,8111c048fcb241ae,reducing_urban_heat_islands_ch_3.pdf,Green Roofs,U.S. Environmental Protection Agency,2008,Green Roofs,7,Green Roofs,https://www.epa.gov/heat-islands/heat-island-compendium,8111c048fcb241aee2f074820f5d68c9c8a7e1305c6125bb1dabab306ca536f8,Primarily U.S.-based evidence; verify local applicability,Not established for Pakistan; assess site and climate context,pymupdf_sorted_blocks_cleaned_v4,294
8111c048fcb241ae-p007-c002,8111c048fcb241ae,reducing_urban_heat_islands_ch_3.pdf,Green Roofs,U.S. Environmental Protection Agency,2008,Green Roofs,7,Green Roofs,https://www.epa.gov/heat-islands/heat-island-compendium,8111c048fcb241aee2f074820f5d68c9c8a7e1305c6125bb1dabab306ca536f8,Primarily U.S.-based evidence; verify local applicability,Not established for Pakistan; assess site and climate context,pymupdf_sorted_blocks_cleaned_v4,177
8111c048fcb241ae-p008-c001,8111c048fcb241ae,reducing_urban_heat_islands_ch_3.pdf,Green Roofs,U.S. Environmental Protection Agency,2008,Green Roofs,8,Green Roofs,https://www.epa.gov/heat-islands/heat-island-compendium,8111c048fcb241aee2f074820f5d68c9c8a7e1305c6125bb1dabab306ca536f8,Primarily U.S.-based evidence; verify local applicability,Not established for Pakistan; assess site and climate context,pymupdf_sorted_blocks_cleaned_v4,320
8111c048fcb241ae-p008-c002,8111c048fcb241ae,reducing_urban_heat_islands_ch_3.pdf,Green Roofs,U.S. Environmental Protection Agency,2008,Green Roofs,8,Green Roofs,https://www.epa.gov/heat-islands/heat-island-compendium,8111c048fcb241aee2f074820f5d68c9c8a7e1305c6125bb1dabab306ca536f8,Primarily U.S.-based evidence; verify local applicability,Not established for Pakistan; assess site and climate context,pymupdf_sorted_blocks_cleaned_v4,117
8111c048fcb241ae-p009-c001,8111c048fcb241ae,reducing_urban_heat_islands_ch_3.pdf,Green Roofs,U.S. Environmental Protection Agency,2008,Green Roofs,9,Green Roofs,https://www.epa.gov/heat-islands/heat-island-compendium,8111c048fcb241aee2f074820f5d68c9c8a7e1305c6125bb1dabab306ca536f8,Primarily U.S.-based evidence; verify local applicability,Not established for Pakistan; assess site and climate context,pymupdf_sorted_blocks_cleaned_v4,300
8111c048fcb241ae-p009-c002,8111c048fcb241ae,reducing_urban_heat_islands_ch_3.pdf,Green Roofs,U.S. Environmental Protection Agency,2008,Green Roofs,9,Green Roofs,https://www.epa.gov/heat-islands/heat-island-compendium,8111c048fcb241aee2f074820f5d68c9c8a7e1305c6125bb1dabab306ca536f8,Primarily U.S.-based evidence; verify local applicability,Not established for Pakistan; assess site and climate context,pymupdf_sorted_blocks_cleaned_v4,219
8111c048fcb241ae-p010-c001,8111c048fcb241ae,reducing_urban_heat_islands_ch_3.pdf,Green Roofs,U.S. Environmental Protection Agency,2008,Green Roofs,10,Green Roofs,https://www.epa.gov/heat-islands/heat-island-compendium,8111c048fcb241aee2f074820f5d68c9c8a7e1305c6125bb1dabab306ca536f8,Primarily U.S.-based evidence; verify local applicability,Not established for Pakistan; assess site and climate context,pymupdf_sorted_blocks_cleaned_v4,282
8111c048fcb241ae-p010-c002,8111c048fcb241ae,reducing_urban_heat_islands_ch_3.pdf,Green Roofs,U.S. Environmental Protection Agency,2008,Green Roofs,10,Green Roofs,https://www.epa.gov/heat-islands/heat-island-compendium,8111c048fcb241aee2f074820f5d68c9c8a7e1305c6125bb1dabab306ca536f8,Primarily U.S.-based evidence; verify local applicability,Not established for Pakistan; assess site and climate context,pymupdf_sorted_blocks_cleaned_v4,159
8111c048fcb241ae-p011-c001,8111c048fcb241ae,reducing_urban_heat_islands_ch_3.pdf,Green Roofs,U.S. Environmental Protection Agency,2008,Green Roofs,11,Green Roofs,https://www.epa.gov/heat-islands/heat-island-compendium,8111c048fcb241aee2f074820f5d68c9c8a7e1305c6125bb1dabab306ca536f8,Primarily U.S.-based evidence; verify local applicability,Not established for Pakistan; assess site and climate context,pymupdf_sorted_blocks_cleaned_v4,294
8111c048fcb241ae-p011-c002,8111c048fcb241ae,reducing_urban_heat_islands_ch_3.pdf,Green Roofs,U.S. Environmental Protection Agency,2008,Green Roofs,11,Green Roofs,https://www.epa.gov/heat-islands/heat-island-compendium,8111c048fcb241aee2f074820f5d68c9c8a7e1305c6125bb1dabab306ca536f8,Primarily U.S.-based evidence; verify local applicability,Not established for Pakistan; assess site and climate context,pymupdf_sorted_blocks_cleaned_v4,268
8111c048fcb241ae-p012-c001,8111c048fcb241ae,reducing_urban_heat_islands_ch_3.pdf,Green Roofs,U.S. Environmental Protection Agency,2008,Green Roofs,12,Green Roofs,https://www.epa.gov/heat-islands/heat-island-compendium,8111c048fcb241aee2f074820f5d68c9c8a7e1305c6125bb1dabab306ca536f8,Primarily U.S.-based evidence; verify local applicability,Not established for Pakistan; assess site and climate context,pymupdf_sorted_blocks_cleaned_v4,319
8111c048fcb241ae-p012-c002,8111c048fcb241ae,reducing_urban_heat_islands_ch_3.pdf,Green Roofs,U.S. Environmental Protection Agency,2008,Green Roofs,12,Green Roofs,https://www.epa.gov/heat-islands/heat-island-compendium,8111c048fcb241aee2f074820f5d68c9c8a7e1305c6125bb1dabab306ca536f8,Primarily U.S.-based evidence; verify local applicability,Not established for Pakistan; assess site and climate context,pymupdf_sorted_blocks_cleaned_v4,261
8111c048fcb241ae-p013-c001,8111c048fcb241ae,reducing_urban_heat_islands_ch_3.pdf,Green Roofs,U.S. Environmental Protection Agency,2008,Green Roofs,13,Green Roofs,https://www.epa.gov/heat-islands/heat-island-compendium,8111c048fcb241aee2f074820f5d68c9c8a7e1305c6125bb1dabab306ca536f8,Primarily U.S.-based evidence; verify local applicability,Not established for Pakistan; assess site and climate context,pymupdf_sorted_blocks_cleaned_v4,271
8111c048fcb241ae-p013-c002,8111c048fcb241ae,reducing_urban_heat_islands_ch_3.pdf,Green Roofs,U.S. Environmental Protection Agency,2008,Green Roofs,13,Green Roofs,https://www.epa.gov/heat-islands/heat-island-compendium,8111c048fcb241aee2f074820f5d68c9c8a7e1305c6125bb1dabab306ca536f8,Primarily U.S.-based evidence; verify local applicability,Not established for Pakistan; assess site and climate context,pymupdf_sorted_blocks_cleaned_v4,303
8111c048fcb241ae-p013-c003,8111c048fcb241ae,reducing_urban_heat_islands_ch_3.pdf,Green Roofs,U.S. Environmental Protection Agency,2008,Green Roofs,13,Green Roofs,https://www.epa.gov/heat-islands/heat-island-compendium,8111c048fcb241aee2f074820f5d68c9c8a7e1305c6125bb1dabab306ca536f8,Primarily U.S.-based evidence; verify local applicability,Not established for Pakistan; assess site and climate context,pymupdf_sorted_blocks_cleaned_v4,92
8111c048fcb241ae-p014-c001,8111c048fcb241ae,reducing_urban_heat_islands_ch_3.pdf,Green Roofs,U.S. Environmental Protection Agency,2008,Green Roofs,14,Green Roofs,https://www.epa.gov/heat-islands/heat-island-compendium,8111c048fcb241aee2f074820f5d68c9c8a7e1305c6125bb1dabab306ca536f8,Primarily U.S.-based evidence; verify local applicability,Not established for Pakistan; assess site and climate context,pymupdf_sorted_blocks_cleaned_v4,316
8111c048fcb241ae-p014-c002,8111c048fcb241ae,reducing_urban_heat_islands_ch_3.pdf,Green Roofs,U.S. Environmental Protection Agency,2008,Green Roofs,14,Green Roofs,https://www.epa.gov/heat-islands/heat-island-compendium,8111c048fcb241aee2f074820f5d68c9c8a7e1305c6125bb1dabab306ca536f8,Primarily U.S.-based evidence; verify local applicability,Not established for Pakistan; assess site and climate context,pymupdf_sorted_blocks_cleaned_v4,134
8111c048fcb241ae-p015-c001,8111c048fcb241ae,reducing_urban_heat_islands_ch_3.pdf,Green Roofs,U.S. Environmental Protection Agency,2008,Green Roofs,15,Green Roofs,https://www.epa.gov/heat-islands/heat-island-compendium,8111c048fcb241aee2f074820f5d68c9c8a7e1305c6125bb1dabab306ca536f8,Primarily U.S.-based evidence; verify local applicability,Not established for Pakistan; assess site and climate context,pymupdf_sorted_blocks_cleaned_v4,292
8111c048fcb241ae-p016-c001,8111c048fcb241ae,reducing_urban_heat_islands_ch_3.pdf,Green Roofs,U.S. Environmental Protection Agency,2008,Green Roofs,16,Green Roofs,https://www.epa.gov/heat-islands/heat-island-compendium,8111c048fcb241aee2f074820f5d68c9c8a7e1305c6125bb1dabab306ca536f8,Primarily U.S.-based evidence; verify local applicability,Not established for Pakistan; assess site and climate context,pymupdf_sorted_blocks_cleaned_v4,311
8111c048fcb241ae-p016-c002,8111c048fcb241ae,reducing_urban_heat_islands_ch_3.pdf,Green Roofs,U.S. Environmental Protection Agency,2008,Green Roofs,16,Green Roofs,https://www.epa.gov/heat-islands/heat-island-compendium,8111c048fcb241aee2f074820f5d68c9c8a7e1305c6125bb1dabab306ca536f8,Primarily U.S.-based evidence; verify local applicability,Not established for Pakistan; assess site and climate context,pymupdf_sorted_blocks_cleaned_v4,144
8111c048fcb241ae-p017-c001,8111c048fcb241ae,reducing_urban_heat_islands_ch_3.pdf,Green Roofs,U.S. Environmental Protection Agency,2008,Green Roofs,17,Green Roofs,https://www.epa.gov/heat-islands/heat-island-compendium,8111c048fcb241aee2f074820f5d68c9c8a7e1305c6125bb1dabab306ca536f8,Primarily U.S.-based evidence; verify local applicability,Not established for Pakistan; assess site and climate context,pymupdf_sorted_blocks_cleaned_v4,312
8111c048fcb241ae-p018-c001,8111c048fcb241ae,reducing_urban_heat_islands_ch_3.pdf,Green Roofs,U.S. Environmental Protection Agency,2008,Green Roofs,18,Green Roofs,https://www.epa.gov/heat-islands/heat-island-compendium,8111c048fcb241aee2f074820f5d68c9c8a7e1305c6125bb1dabab306ca536f8,Primarily U.S.-based evidence; verify local applicability,Not established for Pakistan; assess site and climate context,pymupdf_sorted_blocks_cleaned_v4,307
8111c048fcb241ae-p018-c002,8111c048fcb241ae,reducing_urban_heat_islands_ch_3.pdf,Green Roofs,U.S. Environmental Protection Agency,2008,Green Roofs,18,Green Roofs,https://www.epa.gov/heat-islands/heat-island-compendium,8111c048fcb241aee2f074820f5d68c9c8a7e1305c6125bb1dabab306ca536f8,Primarily U.S.-based evidence; verify local applicability,Not established for Pakistan; assess site and climate context,pymupdf_sorted_blocks_cleaned_v4,92
8111c048fcb241ae-p019-c001,8111c048fcb241ae,reducing_urban_heat_islands_ch_3.pdf,Green Roofs,U.S. Environmental Protection Agency,2008,Green Roofs,19,Green Roofs,https://www.epa.gov/heat-islands/heat-island-compendium,8111c048fcb241aee2f074820f5d68c9c8a7e1305c6125bb1dabab306ca536f8,Primarily U.S.-based evidence; verify local applicability,Not established for Pakistan; assess site and climate context,pymupdf_sorted_blocks_cleaned_v4,320
8111c048fcb241ae-p019-c002,8111c048fcb241ae,reducing_urban_heat_islands_ch_3.pdf,Green Roofs,U.S. Environmental Protection Agency,2008,Green Roofs,19,Green Roofs,https://www.epa.gov/heat-islands/heat-island-compendium,8111c048fcb241aee2f074820f5d68c9c8a7e1305c6125bb1dabab306ca536f8,Primarily U.S.-based evidence; verify local applicability,Not established for Pakistan; assess site and climate context,pymupdf_sorted_blocks_cleaned_v4,251
8111c048fcb241ae-p020-c001,8111c048fcb241ae,reducing_urban_heat_islands_ch_3.pdf,Green Roofs,U.S. Environmental Protection Agency,2008,Green Roofs,20,Green Roofs,https://www.epa.gov/heat-islands/heat-island-compendium,8111c048fcb241aee2f074820f5d68c9c8a7e1305c6125bb1dabab306ca536f8,Primarily U.S.-based evidence; verify local applicability,Not established for Pakistan; assess site and climate context,pymupdf_sorted_blocks_cleaned_v4,253
8111c048fcb241ae-p020-c002,8111c048fcb241ae,reducing_urban_heat_islands_ch_3.pdf,Green Roofs,U.S. Environmental Protection Agency,2008,Green Roofs,20,Green Roofs,https://www.epa.gov/heat-islands/heat-island-compendium,8111c048fcb241aee2f074820f5d68c9c8a7e1305c6125bb1dabab306ca536f8,Primarily U.S.-based evidence; verify local applicability,Not established for Pakistan; assess site and climate context,pymupdf_sorted_blocks_cleaned_v4,217
8111c048fcb241ae-p021-c001,8111c048fcb241ae,reducing_urban_heat_islands_ch_3.pdf,Green Roofs,U.S. Environmental Protection Agency,2008,Green Roofs,21,Green Roofs,https://www.epa.gov/heat-islands/heat-island-compendium,8111c048fcb241aee2f074820f5d68c9c8a7e1305c6125bb1dabab306ca536f8,Primarily U.S.-based evidence; verify local applicability,Not established for Pakistan; assess site and climate context,pymupdf_sorted_blocks_cleaned_v4,319
8111c048fcb241ae-p021-c002,8111c048fcb241ae,reducing_urban_heat_islands_ch_3.pdf,Green Roofs,U.S. Environmental Protection Agency,2008,Green Roofs,21,Green Roofs,https://www.epa.gov/heat-islands/heat-island-compendium,8111c048fcb241aee2f074820f5d68c9c8a7e1305c6125bb1dabab306ca536f8,Primarily U.S.-based evidence; verify local applicability,Not established for Pakistan; assess site and climate context,pymupdf_sorted_blocks_cleaned_v4,164
8111c048fcb241ae-p022-c001,8111c048fcb241ae,reducing_urban_heat_islands_ch_3.pdf,Green Roofs,U.S. Environmental Protection Agency,2008,Green Roofs,22,Green Roofs,https://www.epa.gov/heat-islands/heat-island-compendium,8111c048fcb241aee2f074820f5d68c9c8a7e1305c6125bb1dabab306ca536f8,Primarily U.S.-based evidence; verify local applicability,Not established for Pakistan; assess site and climate context,pymupdf_sorted_blocks_cleaned_v4,250
8111c048fcb241ae-p023-c001,8111c048fcb241ae,reducing_urban_heat_islands_ch_3.pdf,Green Roofs,U.S. Environmental Protection Agency,2008,Green Roofs,23,Green Roofs,https://www.epa.gov/heat-islands/heat-island-compendium,8111c048fcb241aee2f074820f5d68c9c8a7e1305c6125bb1dabab306ca536f8,Primarily U.S.-based evidence; verify local applicability,Not established for Pakistan; assess site and climate context,pymupdf_sorted_blocks_cleaned_v4,270
8111c048fcb241ae-p024-c001,8111c048fcb241ae,reducing_urban_heat_islands_ch_3.pdf,Green Roofs,U.S. Environmental Protection Agency,2008,Green Roofs,24,Green Roofs,https://www.epa.gov/heat-islands/heat-island-compendium,8111c048fcb241aee2f074820f5d68c9c8a7e1305c6125bb1dabab306ca536f8,Primarily U.S.-based evidence; verify local applicability,Not established for Pakistan; assess site and climate context,pymupdf_sorted_blocks_cleaned_v4,190
8111c048fcb241ae-p025-c001,8111c048fcb241ae,reducing_urban_heat_islands_ch_3.pdf,Green Roofs,U.S. Environmental Protection Agency,2008,Green Roofs,25,Green Roofs,https://www.epa.gov/heat-islands/heat-island-compendium,8111c048fcb241aee2f074820f5d68c9c8a7e1305c6125bb1dabab306ca536f8,Primarily U.S.-based evidence; verify local applicability,Not established for Pakistan; assess site and climate context,pymupdf_sorted_blocks_cleaned_v4,244
8111c048fcb241ae-p026-c001,8111c048fcb241ae,reducing_urban_heat_islands_ch_3.pdf,Green Roofs,U.S. Environmental Protection Agency,2008,Green Roofs,26,Green Roofs,https://www.epa.gov/heat-islands/heat-island-compendium,8111c048fcb241aee2f074820f5d68c9c8a7e1305c6125bb1dabab306ca536f8,Primarily U.S.-based evidence; verify local applicability,Not established for Pakistan; assess site and climate context,pymupdf_sorted_blocks_cleaned_v4,313
8111c048fcb241ae-p026-c002,8111c048fcb241ae,reducing_urban_heat_islands_ch_3.pdf,Green Roofs,U.S. Environmental Protection Agency,2008,Green Roofs,26,Green Roofs,https://www.epa.gov/heat-islands/heat-island-compendium,8111c048fcb241aee2f074820f5d68c9c8a7e1305c6125bb1dabab306ca536f8,Primarily U.S.-based evidence; verify local applicability,Not established for Pakistan; assess site and climate context,pymupdf_sorted_blocks_cleaned_v4,188
8111c048fcb241ae-p027-c001,8111c048fcb241ae,reducing_urban_heat_islands_ch_3.pdf,Green Roofs,U.S. Environmental Protection Agency,2008,Green Roofs,27,Green Roofs,https://www.epa.gov/heat-islands/heat-island-compendium,8111c048fcb241aee2f074820f5d68c9c8a7e1305c6125bb1dabab306ca536f8,Primarily U.S.-based evidence; verify local applicability,Not established for Pakistan; assess site and climate context,pymupdf_sorted_blocks_cleaned_v4,317
8111c048fcb241ae-p027-c002,8111c048fcb241ae,reducing_urban_heat_islands_ch_3.pdf,Green Roofs,U.S. Environmental Protection Agency,2008,Green Roofs,27,Green Roofs,https://www.epa.gov/heat-islands/heat-island-compendium,8111c048fcb241aee2f074820f5d68c9c8a7e1305c6125bb1dabab306ca536f8,Primarily U.S.-based evidence; verify local applicability,Not established for Pakistan; assess site and climate context,pymupdf_sorted_blocks_cleaned_v4,279
8111c048fcb241ae-p028-c001,8111c048fcb241ae,reducing_urban_heat_islands_ch_3.pdf,Green Roofs,U.S. Environmental Protection Agency,2008,Green Roofs,28,Green Roofs,https://www.epa.gov/heat-islands/heat-island-compendium,8111c048fcb241aee2f074820f5d68c9c8a7e1305c6125bb1dabab306ca536f8,Primarily U.S.-based evidence; verify local applicability,Not established for Pakistan; assess site and climate context,pymupdf_sorted_blocks_cleaned_v4,303
8111c048fcb241ae-p028-c002,8111c048fcb241ae,reducing_urban_heat_islands_ch_3.pdf,Green Roofs,U.S. Environmental Protection Agency,2008,Green Roofs,28,Green Roofs,https://www.epa.gov/heat-islands/heat-island-compendium,8111c048fcb241aee2f074820f5d68c9c8a7e1305c6125bb1dabab306ca536f8,Primarily U.S.-based evidence; verify local applicability,Not established for Pakistan; assess site and climate context,pymupdf_sorted_blocks_cleaned_v4,240
8111c048fcb241ae-p029-c001,8111c048fcb241ae,reducing_urban_heat_islands_ch_3.pdf,Green Roofs,U.S. Environmental Protection Agency,2008,Green Roofs,29,Green Roofs,https://www.epa.gov/heat-islands/heat-island-compendium,8111c048fcb241aee2f074820f5d68c9c8a7e1305c6125bb1dabab306ca536f8,Primarily U.S.-based evidence; verify local applicability,Not established for Pakistan; assess site and climate context,pymupdf_sorted_blocks_cleaned_v4,119
95a75724e20b46dd-p004-c001,95a75724e20b46dd,reducing_urban_heat_islands_ch_4.pdf,Cool Roofs,U.S. Environmental Protection Agency,2008,Cool Roofs,4,Cool Roofs,https://www.epa.gov/heat-islands/heat-island-compendium,95a75724e20b46dda6e7b6a5f54ce84f0891a178de899b2614a8617a271660e1,Primarily U.S.-based evidence; verify local applicability,Not established for Pakistan; assess site and climate context,pymupdf_sorted_blocks_cleaned_v4,307
95a75724e20b46dd-p005-c001,95a75724e20b46dd,reducing_urban_heat_islands_ch_4.pdf,Cool Roofs,U.S. Environmental Protection Agency,2008,Cool Roofs,5,Cool Roofs,https://www.epa.gov/heat-islands/heat-island-compendium,95a75724e20b46dda6e7b6a5f54ce84f0891a178de899b2614a8617a271660e1,Primarily U.S.-based evidence; verify local applicability,Not established for Pakistan; assess site and climate context,pymupdf_sorted_blocks_cleaned_v4,316
95a75724e20b46dd-p005-c002,95a75724e20b46dd,reducing_urban_heat_islands_ch_4.pdf,Cool Roofs,U.S. Environmental Protection Agency,2008,Cool Roofs,5,Cool Roofs,https://www.epa.gov/heat-islands/heat-island-compendium,95a75724e20b46dda6e7b6a5f54ce84f0891a178de899b2614a8617a271660e1,Primarily U.S.-based evidence; verify local applicability,Not established for Pakistan; assess site and climate context,pymupdf_sorted_blocks_cleaned_v4,66
95a75724e20b46dd-p006-c001,95a75724e20b46dd,reducing_urban_heat_islands_ch_4.pdf,Cool Roofs,U.S. Environmental Protection Agency,2008,Cool Roofs,6,Cool Roofs,https://www.epa.gov/heat-islands/heat-island-compendium,95a75724e20b46dda6e7b6a5f54ce84f0891a178de899b2614a8617a271660e1,Primarily U.S.-based evidence; verify local applicability,Not established for Pakistan; assess site and climate context,pymupdf_sorted_blocks_cleaned_v4,287
95a75724e20b46dd-p006-c002,95a75724e20b46dd,reducing_urban_heat_islands_ch_4.pdf,Cool Roofs,U.S. Environmental Protection Agency,2008,Cool Roofs,6,Cool Roofs,https://www.epa.gov/heat-islands/heat-island-compendium,95a75724e20b46dda6e7b6a5f54ce84f0891a178de899b2614a8617a271660e1,Primarily U.S.-based evidence; verify local applicability,Not established for Pakistan; assess site and climate context,pymupdf_sorted_blocks_cleaned_v4,133
95a75724e20b46dd-p007-c001,95a75724e20b46dd,reducing_urban_heat_islands_ch_4.pdf,Cool Roofs,U.S. Environmental Protection Agency,2008,Cool Roofs,7,Cool Roofs,https://www.epa.gov/heat-islands/heat-island-compendium,95a75724e20b46dda6e7b6a5f54ce84f0891a178de899b2614a8617a271660e1,Primarily U.S.-based evidence; verify local applicability,Not established for Pakistan; assess site and climate context,pymupdf_sorted_blocks_cleaned_v4,315
95a75724e20b46dd-p007-c002,95a75724e20b46dd,reducing_urban_heat_islands_ch_4.pdf,Cool Roofs,U.S. Environmental Protection Agency,2008,Cool Roofs,7,Cool Roofs,https://www.epa.gov/heat-islands/heat-island-compendium,95a75724e20b46dda6e7b6a5f54ce84f0891a178de899b2614a8617a271660e1,Primarily U.S.-based evidence; verify local applicability,Not established for Pakistan; assess site and climate context,pymupdf_sorted_blocks_cleaned_v4,66
95a75724e20b46dd-p008-c001,95a75724e20b46dd,reducing_urban_heat_islands_ch_4.pdf,Cool Roofs,U.S. Environmental Protection Agency,2008,Cool Roofs,8,Cool Roofs,https://www.epa.gov/heat-islands/heat-island-compendium,95a75724e20b46dda6e7b6a5f54ce84f0891a178de899b2614a8617a271660e1,Primarily U.S.-based evidence; verify local applicability,Not established for Pakistan; assess site and climate context,pymupdf_sorted_blocks_cleaned_v4,300
95a75724e20b46dd-p008-c002,95a75724e20b46dd,reducing_urban_heat_islands_ch_4.pdf,Cool Roofs,U.S. Environmental Protection Agency,2008,Cool Roofs,8,Cool Roofs,https://www.epa.gov/heat-islands/heat-island-compendium,95a75724e20b46dda6e7b6a5f54ce84f0891a178de899b2614a8617a271660e1,Primarily U.S.-based evidence; verify local applicability,Not established for Pakistan; assess site and climate context,pymupdf_sorted_blocks_cleaned_v4,125
95a75724e20b46dd-p009-c001,95a75724e20b46dd,reducing_urban_heat_islands_ch_4.pdf,Cool Roofs,U.S. Environmental Protection Agency,2008,Cool Roofs,9,Cool Roofs,https://www.epa.gov/heat-islands/heat-island-compendium,95a75724e20b46dda6e7b6a5f54ce84f0891a178de899b2614a8617a271660e1,Primarily U.S.-based evidence; verify local applicability,Not established for Pakistan; assess site and climate context,pymupdf_sorted_blocks_cleaned_v4,306
95a75724e20b46dd-p009-c002,95a75724e20b46dd,reducing_urban_heat_islands_ch_4.pdf,Cool Roofs,U.S. Environmental Protection Agency,2008,Cool Roofs,9,Cool Roofs,https://www.epa.gov/heat-islands/heat-island-compendium,95a75724e20b46dda6e7b6a5f54ce84f0891a178de899b2614a8617a271660e1,Primarily U.S.-based evidence; verify local applicability,Not established for Pakistan; assess site and climate context,pymupdf_sorted_blocks_cleaned_v4,172
95a75724e20b46dd-p010-c001,95a75724e20b46dd,reducing_urban_heat_islands_ch_4.pdf,Cool Roofs,U.S. Environmental Protection Agency,2008,Cool Roofs,10,Cool Roofs,https://www.epa.gov/heat-islands/heat-island-compendium,95a75724e20b46dda6e7b6a5f54ce84f0891a178de899b2614a8617a271660e1,Primarily U.S.-based evidence; verify local applicability,Not established for Pakistan; assess site and climate context,pymupdf_sorted_blocks_cleaned_v4,295
95a75724e20b46dd-p010-c002,95a75724e20b46dd,reducing_urban_heat_islands_ch_4.pdf,Cool Roofs,U.S. Environmental Protection Agency,2008,Cool Roofs,10,Cool Roofs,https://www.epa.gov/heat-islands/heat-island-compendium,95a75724e20b46dda6e7b6a5f54ce84f0891a178de899b2614a8617a271660e1,Primarily U.S.-based evidence; verify local applicability,Not established for Pakistan; assess site and climate context,pymupdf_sorted_blocks_cleaned_v4,146
95a75724e20b46dd-p011-c001,95a75724e20b46dd,reducing_urban_heat_islands_ch_4.pdf,Cool Roofs,U.S. Environmental Protection Agency,2008,Cool Roofs,11,Cool Roofs,https://www.epa.gov/heat-islands/heat-island-compendium,95a75724e20b46dda6e7b6a5f54ce84f0891a178de899b2614a8617a271660e1,Primarily U.S.-based evidence; verify local applicability,Not established for Pakistan; assess site and climate context,pymupdf_sorted_blocks_cleaned_v4,318
95a75724e20b46dd-p011-c002,95a75724e20b46dd,reducing_urban_heat_islands_ch_4.pdf,Cool Roofs,U.S. Environmental Protection Agency,2008,Cool Roofs,11,Cool Roofs,https://www.epa.gov/heat-islands/heat-island-compendium,95a75724e20b46dda6e7b6a5f54ce84f0891a178de899b2614a8617a271660e1,Primarily U.S.-based evidence; verify local applicability,Not established for Pakistan; assess site and climate context,pymupdf_sorted_blocks_cleaned_v4,277
95a75724e20b46dd-p012-c001,95a75724e20b46dd,reducing_urban_heat_islands_ch_4.pdf,Cool Roofs,U.S. Environmental Protection Agency,2008,Cool Roofs,12,Cool Roofs,https://www.epa.gov/heat-islands/heat-island-compendium,95a75724e20b46dda6e7b6a5f54ce84f0891a178de899b2614a8617a271660e1,Primarily U.S.-based evidence; verify local applicability,Not established for Pakistan; assess site and climate context,pymupdf_sorted_blocks_cleaned_v4,315
95a75724e20b46dd-p012-c002,95a75724e20b46dd,reducing_urban_heat_islands_ch_4.pdf,Cool Roofs,U.S. Environmental Protection Agency,2008,Cool Roofs,12,Cool Roofs,https://www.epa.gov/heat-islands/heat-island-compendium,95a75724e20b46dda6e7b6a5f54ce84f0891a178de899b2614a8617a271660e1,Primarily U.S.-based evidence; verify local applicability,Not established for Pakistan; assess site and climate context,pymupdf_sorted_blocks_cleaned_v4,158
95a75724e20b46dd-p013-c001,95a75724e20b46dd,reducing_urban_heat_islands_ch_4.pdf,Cool Roofs,U.S. Environmental Protection Agency,2008,Cool Roofs,13,Cool Roofs,https://www.epa.gov/heat-islands/heat-island-compendium,95a75724e20b46dda6e7b6a5f54ce84f0891a178de899b2614a8617a271660e1,Primarily U.S.-based evidence; verify local applicability,Not established for Pakistan; assess site and climate context,pymupdf_sorted_blocks_cleaned_v4,299
95a75724e20b46dd-p013-c002,95a75724e20b46dd,reducing_urban_heat_islands_ch_4.pdf,Cool Roofs,U.S. Environmental Protection Agency,2008,Cool Roofs,13,Cool Roofs,https://www.epa.gov/heat-islands/heat-island-compendium,95a75724e20b46dda6e7b6a5f54ce84f0891a178de899b2614a8617a271660e1,Primarily U.S.-based evidence; verify local applicability,Not established for Pakistan; assess site and climate context,pymupdf_sorted_blocks_cleaned_v4,263
95a75724e20b46dd-p014-c001,95a75724e20b46dd,reducing_urban_heat_islands_ch_4.pdf,Cool Roofs,U.S. Environmental Protection Agency,2008,Cool Roofs,14,Cool Roofs,https://www.epa.gov/heat-islands/heat-island-compendium,95a75724e20b46dda6e7b6a5f54ce84f0891a178de899b2614a8617a271660e1,Primarily U.S.-based evidence; verify local applicability,Not established for Pakistan; assess site and climate context,pymupdf_sorted_blocks_cleaned_v4,307
95a75724e20b46dd-p015-c001,95a75724e20b46dd,reducing_urban_heat_islands_ch_4.pdf,Cool Roofs,U.S. Environmental Protection Agency,2008,Cool Roofs,15,Cool Roofs,https://www.epa.gov/heat-islands/heat-island-compendium,95a75724e20b46dda6e7b6a5f54ce84f0891a178de899b2614a8617a271660e1,Primarily U.S.-based evidence; verify local applicability,Not established for Pakistan; assess site and climate context,pymupdf_sorted_blocks_cleaned_v4,319
95a75724e20b46dd-p015-c002,95a75724e20b46dd,reducing_urban_heat_islands_ch_4.pdf,Cool Roofs,U.S. Environmental Protection Agency,2008,Cool Roofs,15,Cool Roofs,https://www.epa.gov/heat-islands/heat-island-compendium,95a75724e20b46dda6e7b6a5f54ce84f0891a178de899b2614a8617a271660e1,Primarily U.S.-based evidence; verify local applicability,Not established for Pakistan; assess site and climate context,pymupdf_sorted_blocks_cleaned_v4,273
95a75724e20b46dd-p016-c001,95a75724e20b46dd,reducing_urban_heat_islands_ch_4.pdf,Cool Roofs,U.S. Environmental Protection Agency,2008,Cool Roofs,16,Cool Roofs,https://www.epa.gov/heat-islands/heat-island-compendium,95a75724e20b46dda6e7b6a5f54ce84f0891a178de899b2614a8617a271660e1,Primarily U.S.-based evidence; verify local applicability,Not established for Pakistan; assess site and climate context,pymupdf_sorted_blocks_cleaned_v4,253
95a75724e20b46dd-p017-c001,95a75724e20b46dd,reducing_urban_heat_islands_ch_4.pdf,Cool Roofs,U.S. Environmental Protection Agency,2008,Cool Roofs,17,Cool Roofs,https://www.epa.gov/heat-islands/heat-island-compendium,95a75724e20b46dda6e7b6a5f54ce84f0891a178de899b2614a8617a271660e1,Primarily U.S.-based evidence; verify local applicability,Not established for Pakistan; assess site and climate context,pymupdf_sorted_blocks_cleaned_v4,306
95a75724e20b46dd-p017-c002,95a75724e20b46dd,reducing_urban_heat_islands_ch_4.pdf,Cool Roofs,U.S. Environmental Protection Agency,2008,Cool Roofs,17,Cool Roofs,https://www.epa.gov/heat-islands/heat-island-compendium,95a75724e20b46dda6e7b6a5f54ce84f0891a178de899b2614a8617a271660e1,Primarily U.S.-based evidence; verify local applicability,Not established for Pakistan; assess site and climate context,pymupdf_sorted_blocks_cleaned_v4,120
95a75724e20b46dd-p018-c001,95a75724e20b46dd,reducing_urban_heat_islands_ch_4.pdf,Cool Roofs,U.S. Environmental Protection Agency,2008,Cool Roofs,18,Cool Roofs,https://www.epa.gov/heat-islands/heat-island-compendium,95a75724e20b46dda6e7b6a5f54ce84f0891a178de899b2614a8617a271660e1,Primarily U.S.-based evidence; verify local applicability,Not established for Pakistan; assess site and climate context,pymupdf_sorted_blocks_cleaned_v4,163
95a75724e20b46dd-p019-c001,95a75724e20b46dd,reducing_urban_heat_islands_ch_4.pdf,Cool Roofs,U.S. Environmental Protection Agency,2008,Cool Roofs,19,Cool Roofs,https://www.epa.gov/heat-islands/heat-island-compendium,95a75724e20b46dda6e7b6a5f54ce84f0891a178de899b2614a8617a271660e1,Primarily U.S.-based evidence; verify local applicability,Not established for Pakistan; assess site and climate context,pymupdf_sorted_blocks_cleaned_v4,320
95a75724e20b46dd-p019-c002,95a75724e20b46dd,reducing_urban_heat_islands_ch_4.pdf,Cool Roofs,U.S. Environmental Protection Agency,2008,Cool Roofs,19,Cool Roofs,https://www.epa.gov/heat-islands/heat-island-compendium,95a75724e20b46dda6e7b6a5f54ce84f0891a178de899b2614a8617a271660e1,Primarily U.S.-based evidence; verify local applicability,Not established for Pakistan; assess site and climate context,pymupdf_sorted_blocks_cleaned_v4,157
95a75724e20b46dd-p020-c001,95a75724e20b46dd,reducing_urban_heat_islands_ch_4.pdf,Cool Roofs,U.S. Environmental Protection Agency,2008,Cool Roofs,20,Cool Roofs,https://www.epa.gov/heat-islands/heat-island-compendium,95a75724e20b46dda6e7b6a5f54ce84f0891a178de899b2614a8617a271660e1,Primarily U.S.-based evidence; verify local applicability,Not established for Pakistan; assess site and climate context,pymupdf_sorted_blocks_cleaned_v4,303
95a75724e20b46dd-p020-c002,95a75724e20b46dd,reducing_urban_heat_islands_ch_4.pdf,Cool Roofs,U.S. Environmental Protection Agency,2008,Cool Roofs,20,Cool Roofs,https://www.epa.gov/heat-islands/heat-island-compendium,95a75724e20b46dda6e7b6a5f54ce84f0891a178de899b2614a8617a271660e1,Primarily U.S.-based evidence; verify local applicability,Not established for Pakistan; assess site and climate context,pymupdf_sorted_blocks_cleaned_v4,147
95a75724e20b46dd-p021-c001,95a75724e20b46dd,reducing_urban_heat_islands_ch_4.pdf,Cool Roofs,U.S. Environmental Protection Agency,2008,Cool Roofs,21,Cool Roofs,https://www.epa.gov/heat-islands/heat-island-compendium,95a75724e20b46dda6e7b6a5f54ce84f0891a178de899b2614a8617a271660e1,Primarily U.S.-based evidence; verify local applicability,Not established for Pakistan; assess site and climate context,pymupdf_sorted_blocks_cleaned_v4,310
95a75724e20b46dd-p021-c002,95a75724e20b46dd,reducing_urban_heat_islands_ch_4.pdf,Cool Roofs,U.S. Environmental Protection Agency,2008,Cool Roofs,21,Cool Roofs,https://www.epa.gov/heat-islands/heat-island-compendium,95a75724e20b46dda6e7b6a5f54ce84f0891a178de899b2614a8617a271660e1,Primarily U.S.-based evidence; verify local applicability,Not established for Pakistan; assess site and climate context,pymupdf_sorted_blocks_cleaned_v4,227
95a75724e20b46dd-p022-c001,95a75724e20b46dd,reducing_urban_heat_islands_ch_4.pdf,Cool Roofs,U.S. Environmental Protection Agency,2008,Cool Roofs,22,Cool Roofs,https://www.epa.gov/heat-islands/heat-island-compendium,95a75724e20b46dda6e7b6a5f54ce84f0891a178de899b2614a8617a271660e1,Primarily U.S.-based evidence; verify local applicability,Not established for Pakistan; assess site and climate context,pymupdf_sorted_blocks_cleaned_v4,291
95a75724e20b46dd-p022-c002,95a75724e20b46dd,reducing_urban_heat_islands_ch_4.pdf,Cool Roofs,U.S. Environmental Protection Agency,2008,Cool Roofs,22,Cool Roofs,https://www.epa.gov/heat-islands/heat-island-compendium,95a75724e20b46dda6e7b6a5f54ce84f0891a178de899b2614a8617a271660e1,Primarily U.S.-based evidence; verify local applicability,Not established for Pakistan; assess site and climate context,pymupdf_sorted_blocks_cleaned_v4,181
95a75724e20b46dd-p023-c001,95a75724e20b46dd,reducing_urban_heat_islands_ch_4.pdf,Cool Roofs,U.S. Environmental Protection Agency,2008,Cool Roofs,23,Cool Roofs,https://www.epa.gov/heat-islands/heat-island-compendium,95a75724e20b46dda6e7b6a5f54ce84f0891a178de899b2614a8617a271660e1,Primarily U.S.-based evidence; verify local applicability,Not established for Pakistan; assess site and climate context,pymupdf_sorted_blocks_cleaned_v4,253
95a75724e20b46dd-p023-c002,95a75724e20b46dd,reducing_urban_heat_islands_ch_4.pdf,Cool Roofs,U.S. Environmental Protection Agency,2008,Cool Roofs,23,Cool Roofs,https://www.epa.gov/heat-islands/heat-island-compendium,95a75724e20b46dda6e7b6a5f54ce84f0891a178de899b2614a8617a271660e1,Primarily U.S.-based evidence; verify local applicability,Not established for Pakistan; assess site and climate context,pymupdf_sorted_blocks_cleaned_v4,296
95a75724e20b46dd-p024-c001,95a75724e20b46dd,reducing_urban_heat_islands_ch_4.pdf,Cool Roofs,U.S. Environmental Protection Agency,2008,Cool Roofs,24,Cool Roofs,https://www.epa.gov/heat-islands/heat-island-compendium,95a75724e20b46dda6e7b6a5f54ce84f0891a178de899b2614a8617a271660e1,Primarily U.S.-based evidence; verify local applicability,Not established for Pakistan; assess site and climate context,pymupdf_sorted_blocks_cleaned_v4,317
95a75724e20b46dd-p024-c002,95a75724e20b46dd,reducing_urban_heat_islands_ch_4.pdf,Cool Roofs,U.S. Environmental Protection Agency,2008,Cool Roofs,24,Cool Roofs,https://www.epa.gov/heat-islands/heat-island-compendium,95a75724e20b46dda6e7b6a5f54ce84f0891a178de899b2614a8617a271660e1,Primarily U.S.-based evidence; verify local applicability,Not established for Pakistan; assess site and climate context,pymupdf_sorted_blocks_cleaned_v4,286
95a75724e20b46dd-p025-c001,95a75724e20b46dd,reducing_urban_heat_islands_ch_4.pdf,Cool Roofs,U.S. Environmental Protection Agency,2008,Cool Roofs,25,Cool Roofs,https://www.epa.gov/heat-islands/heat-island-compendium,95a75724e20b46dda6e7b6a5f54ce84f0891a178de899b2614a8617a271660e1,Primarily U.S.-based evidence; verify local applicability,Not established for Pakistan; assess site and climate context,pymupdf_sorted_blocks_cleaned_v4,294
95a75724e20b46dd-p025-c002,95a75724e20b46dd,reducing_urban_heat_islands_ch_4.pdf,Cool Roofs,U.S. Environmental Protection Agency,2008,Cool Roofs,25,Cool Roofs,https://www.epa.gov/heat-islands/heat-island-compendium,95a75724e20b46dda6e7b6a5f54ce84f0891a178de899b2614a8617a271660e1,Primarily U.S.-based evidence; verify local applicability,Not established for Pakistan; assess site and climate context,pymupdf_sorted_blocks_cleaned_v4,183
95a75724e20b46dd-p026-c001,95a75724e20b46dd,reducing_urban_heat_islands_ch_4.pdf,Cool Roofs,U.S. Environmental Protection Agency,2008,Cool Roofs,26,Cool Roofs,https://www.epa.gov/heat-islands/heat-island-compendium,95a75724e20b46dda6e7b6a5f54ce84f0891a178de899b2614a8617a271660e1,Primarily U.S.-based evidence; verify local applicability,Not established for Pakistan; assess site and climate context,pymupdf_sorted_blocks_cleaned_v4,295
95a75724e20b46dd-p027-c001,95a75724e20b46dd,reducing_urban_heat_islands_ch_4.pdf,Cool Roofs,U.S. Environmental Protection Agency,2008,Cool Roofs,27,Cool Roofs,https://www.epa.gov/heat-islands/heat-island-compendium,95a75724e20b46dda6e7b6a5f54ce84f0891a178de899b2614a8617a271660e1,Primarily U.S.-based evidence; verify local applicability,Not established for Pakistan; assess site and climate context,pymupdf_sorted_blocks_cleaned_v4,308
95a75724e20b46dd-p027-c002,95a75724e20b46dd,reducing_urban_heat_islands_ch_4.pdf,Cool Roofs,U.S. Environmental Protection Agency,2008,Cool Roofs,27,Cool Roofs,https://www.epa.gov/heat-islands/heat-island-compendium,95a75724e20b46dda6e7b6a5f54ce84f0891a178de899b2614a8617a271660e1,Primarily U.S.-based evidence; verify local applicability,Not established for Pakistan; assess site and climate context,pymupdf_sorted_blocks_cleaned_v4,150
95a75724e20b46dd-p028-c001,95a75724e20b46dd,reducing_urban_heat_islands_ch_4.pdf,Cool Roofs,U.S. Environmental Protection Agency,2008,Cool Roofs,28,Cool Roofs,https://www.epa.gov/heat-islands/heat-island-compendium,95a75724e20b46dda6e7b6a5f54ce84f0891a178de899b2614a8617a271660e1,Primarily U.S.-based evidence; verify local applicability,Not established for Pakistan; assess site and climate context,pymupdf_sorted_blocks_cleaned_v4,250
95a75724e20b46dd-p029-c001,95a75724e20b46dd,reducing_urban_heat_islands_ch_4.pdf,Cool Roofs,U.S. Environmental Protection Agency,2008,Cool Roofs,29,Cool Roofs,https://www.epa.gov/heat-islands/heat-island-compendium,95a75724e20b46dda6e7b6a5f54ce84f0891a178de899b2614a8617a271660e1,Primarily U.S.-based evidence; verify local applicability,Not established for Pakistan; assess site and climate context,pymupdf_sorted_blocks_cleaned_v4,319
95a75724e20b46dd-p029-c002,95a75724e20b46dd,reducing_urban_heat_islands_ch_4.pdf,Cool Roofs,U.S. Environmental Protection Agency,2008,Cool Roofs,29,Cool Roofs,https://www.epa.gov/heat-islands/heat-island-compendium,95a75724e20b46dda6e7b6a5f54ce84f0891a178de899b2614a8617a271660e1,Primarily U.S.-based evidence; verify local applicability,Not established for Pakistan; assess site and climate context,pymupdf_sorted_blocks_cleaned_v4,204
95a75724e20b46dd-p030-c001,95a75724e20b46dd,reducing_urban_heat_islands_ch_4.pdf,Cool Roofs,U.S. Environmental Protection Agency,2008,Cool Roofs,30,Cool Roofs,https://www.epa.gov/heat-islands/heat-island-compendium,95a75724e20b46dda6e7b6a5f54ce84f0891a178de899b2614a8617a271660e1,Primarily U.S.-based evidence; verify local applicability,Not established for Pakistan; assess site and climate context,pymupdf_sorted_blocks_cleaned_v4,318
95a75724e20b46dd-p030-c002,95a75724e20b46dd,reducing_urban_heat_islands_ch_4.pdf,Cool Roofs,U.S. Environmental Protection Agency,2008,Cool Roofs,30,Cool Roofs,https://www.epa.gov/heat-islands/heat-island-compendium,95a75724e20b46dda6e7b6a5f54ce84f0891a178de899b2614a8617a271660e1,Primarily U.S.-based evidence; verify local applicability,Not established for Pakistan; assess site and climate context,pymupdf_sorted_blocks_cleaned_v4,227
95a75724e20b46dd-p031-c001,95a75724e20b46dd,reducing_urban_heat_islands_ch_4.pdf,Cool Roofs,U.S. Environmental Protection Agency,2008,Cool Roofs,31,Cool Roofs,https://www.epa.gov/heat-islands/heat-island-compendium,95a75724e20b46dda6e7b6a5f54ce84f0891a178de899b2614a8617a271660e1,Primarily U.S.-based evidence; verify local applicability,Not established for Pakistan; assess site and climate context,pymupdf_sorted_blocks_cleaned_v4,320
95a75724e20b46dd-p031-c002,95a75724e20b46dd,reducing_urban_heat_islands_ch_4.pdf,Cool Roofs,U.S. Environmental Protection Agency,2008,Cool Roofs,31,Cool Roofs,https://www.epa.gov/heat-islands/heat-island-compendium,95a75724e20b46dda6e7b6a5f54ce84f0891a178de899b2614a8617a271660e1,Primarily U.S.-based evidence; verify local applicability,Not established for Pakistan; assess site and climate context,pymupdf_sorted_blocks_cleaned_v4,136
367c18e0410229ba-p004-c001,367c18e0410229ba,reducing_urban_heat_islands_ch_5.pdf,Cool Pavements,U.S. Environmental Protection Agency,2008,Cool Pavements,4,Cool Pavements,https://www.epa.gov/heat-islands/heat-island-compendium,367c18e0410229ba51873c9dd3a1e6c284b9c074119ac9d882937d03f88fac99,Primarily U.S.-based evidence; verify local applicability,Not established for Pakistan; assess site and climate context,pymupdf_sorted_blocks_cleaned_v4,309
367c18e0410229ba-p005-c001,367c18e0410229ba,reducing_urban_heat_islands_ch_5.pdf,Cool Pavements,U.S. Environmental Protection Agency,2008,Cool Pavements,5,Cool Pavements,https://www.epa.gov/heat-islands/heat-island-compendium,367c18e0410229ba51873c9dd3a1e6c284b9c074119ac9d882937d03f88fac99,Primarily U.S.-based evidence; verify local applicability,Not established for Pakistan; assess site and climate context,pymupdf_sorted_blocks_cleaned_v4,301
367c18e0410229ba-p006-c001,367c18e0410229ba,reducing_urban_heat_islands_ch_5.pdf,Cool Pavements,U.S. Environmental Protection Agency,2008,Cool Pavements,6,Cool Pavements,https://www.epa.gov/heat-islands/heat-island-compendium,367c18e0410229ba51873c9dd3a1e6c284b9c074119ac9d882937d03f88fac99,Primarily U.S.-based evidence; verify local applicability,Not established for Pakistan; assess site and climate context,pymupdf_sorted_blocks_cleaned_v4,310
367c18e0410229ba-p006-c002,367c18e0410229ba,reducing_urban_heat_islands_ch_5.pdf,Cool Pavements,U.S. Environmental Protection Agency,2008,Cool Pavements,6,Cool Pavements,https://www.epa.gov/heat-islands/heat-island-compendium,367c18e0410229ba51873c9dd3a1e6c284b9c074119ac9d882937d03f88fac99,Primarily U.S.-based evidence; verify local applicability,Not established for Pakistan; assess site and climate context,pymupdf_sorted_blocks_cleaned_v4,136
367c18e0410229ba-p007-c001,367c18e0410229ba,reducing_urban_heat_islands_ch_5.pdf,Cool Pavements,U.S. Environmental Protection Agency,2008,Cool Pavements,7,Cool Pavements,https://www.epa.gov/heat-islands/heat-island-compendium,367c18e0410229ba51873c9dd3a1e6c284b9c074119ac9d882937d03f88fac99,Primarily U.S.-based evidence; verify local applicability,Not established for Pakistan; assess site and climate context,pymupdf_sorted_blocks_cleaned_v4,302
367c18e0410229ba-p008-c001,367c18e0410229ba,reducing_urban_heat_islands_ch_5.pdf,Cool Pavements,U.S. Environmental Protection Agency,2008,Cool Pavements,8,Cool Pavements,https://www.epa.gov/heat-islands/heat-island-compendium,367c18e0410229ba51873c9dd3a1e6c284b9c074119ac9d882937d03f88fac99,Primarily U.S.-based evidence; verify local applicability,Not established for Pakistan; assess site and climate context,pymupdf_sorted_blocks_cleaned_v4,300
367c18e0410229ba-p008-c002,367c18e0410229ba,reducing_urban_heat_islands_ch_5.pdf,Cool Pavements,U.S. Environmental Protection Agency,2008,Cool Pavements,8,Cool Pavements,https://www.epa.gov/heat-islands/heat-island-compendium,367c18e0410229ba51873c9dd3a1e6c284b9c074119ac9d882937d03f88fac99,Primarily U.S.-based evidence; verify local applicability,Not established for Pakistan; assess site and climate context,pymupdf_sorted_blocks_cleaned_v4,279
367c18e0410229ba-p009-c001,367c18e0410229ba,reducing_urban_heat_islands_ch_5.pdf,Cool Pavements,U.S. Environmental Protection Agency,2008,Cool Pavements,9,Cool Pavements,https://www.epa.gov/heat-islands/heat-island-compendium,367c18e0410229ba51873c9dd3a1e6c284b9c074119ac9d882937d03f88fac99,Primarily U.S.-based evidence; verify local applicability,Not established for Pakistan; assess site and climate context,pymupdf_sorted_blocks_cleaned_v4,228
367c18e0410229ba-p010-c001,367c18e0410229ba,reducing_urban_heat_islands_ch_5.pdf,Cool Pavements,U.S. Environmental Protection Agency,2008,Cool Pavements,10,Cool Pavements,https://www.epa.gov/heat-islands/heat-island-compendium,367c18e0410229ba51873c9dd3a1e6c284b9c074119ac9d882937d03f88fac99,Primarily U.S.-based evidence; verify local applicability,Not established for Pakistan; assess site and climate context,pymupdf_sorted_blocks_cleaned_v4,320
367c18e0410229ba-p010-c002,367c18e0410229ba,reducing_urban_heat_islands_ch_5.pdf,Cool Pavements,U.S. Environmental Protection Agency,2008,Cool Pavements,10,Cool Pavements,https://www.epa.gov/heat-islands/heat-island-compendium,367c18e0410229ba51873c9dd3a1e6c284b9c074119ac9d882937d03f88fac99,Primarily U.S.-based evidence; verify local applicability,Not established for Pakistan; assess site and climate context,pymupdf_sorted_blocks_cleaned_v4,84
367c18e0410229ba-p011-c001,367c18e0410229ba,reducing_urban_heat_islands_ch_5.pdf,Cool Pavements,U.S. Environmental Protection Agency,2008,Cool Pavements,11,Cool Pavements,https://www.epa.gov/heat-islands/heat-island-compendium,367c18e0410229ba51873c9dd3a1e6c284b9c074119ac9d882937d03f88fac99,Primarily U.S.-based evidence; verify local applicability,Not established for Pakistan; assess site and climate context,pymupdf_sorted_blocks_cleaned_v4,317
367c18e0410229ba-p011-c002,367c18e0410229ba,reducing_urban_heat_islands_ch_5.pdf,Cool Pavements,U.S. Environmental Protection Agency,2008,Cool Pavements,11,Cool Pavements,https://www.epa.gov/heat-islands/heat-island-compendium,367c18e0410229ba51873c9dd3a1e6c284b9c074119ac9d882937d03f88fac99,Primarily U.S.-based evidence; verify local applicability,Not established for Pakistan; assess site and climate context,pymupdf_sorted_blocks_cleaned_v4,100
367c18e0410229ba-p012-c001,367c18e0410229ba,reducing_urban_heat_islands_ch_5.pdf,Cool Pavements,U.S. Environmental Protection Agency,2008,Cool Pavements,12,Cool Pavements,https://www.epa.gov/heat-islands/heat-island-compendium,367c18e0410229ba51873c9dd3a1e6c284b9c074119ac9d882937d03f88fac99,Primarily U.S.-based evidence; verify local applicability,Not established for Pakistan; assess site and climate context,pymupdf_sorted_blocks_cleaned_v4,317
367c18e0410229ba-p012-c002,367c18e0410229ba,reducing_urban_heat_islands_ch_5.pdf,Cool Pavements,U.S. Environmental Protection Agency,2008,Cool Pavements,12,Cool Pavements,https://www.epa.gov/heat-islands/heat-island-compendium,367c18e0410229ba51873c9dd3a1e6c284b9c074119ac9d882937d03f88fac99,Primarily U.S.-based evidence; verify local applicability,Not established for Pakistan; assess site and climate context,pymupdf_sorted_blocks_cleaned_v4,222
367c18e0410229ba-p013-c001,367c18e0410229ba,reducing_urban_heat_islands_ch_5.pdf,Cool Pavements,U.S. Environmental Protection Agency,2008,Cool Pavements,13,Cool Pavements,https://www.epa.gov/heat-islands/heat-island-compendium,367c18e0410229ba51873c9dd3a1e6c284b9c074119ac9d882937d03f88fac99,Primarily U.S.-based evidence; verify local applicability,Not established for Pakistan; assess site and climate context,pymupdf_sorted_blocks_cleaned_v4,301
367c18e0410229ba-p013-c002,367c18e0410229ba,reducing_urban_heat_islands_ch_5.pdf,Cool Pavements,U.S. Environmental Protection Agency,2008,Cool Pavements,13,Cool Pavements,https://www.epa.gov/heat-islands/heat-island-compendium,367c18e0410229ba51873c9dd3a1e6c284b9c074119ac9d882937d03f88fac99,Primarily U.S.-based evidence; verify local applicability,Not established for Pakistan; assess site and climate context,pymupdf_sorted_blocks_cleaned_v4,311
367c18e0410229ba-p014-c001,367c18e0410229ba,reducing_urban_heat_islands_ch_5.pdf,Cool Pavements,U.S. Environmental Protection Agency,2008,Cool Pavements,14,Cool Pavements,https://www.epa.gov/heat-islands/heat-island-compendium,367c18e0410229ba51873c9dd3a1e6c284b9c074119ac9d882937d03f88fac99,Primarily U.S.-based evidence; verify local applicability,Not established for Pakistan; assess site and climate context,pymupdf_sorted_blocks_cleaned_v4,230
367c18e0410229ba-p015-c001,367c18e0410229ba,reducing_urban_heat_islands_ch_5.pdf,Cool Pavements,U.S. Environmental Protection Agency,2008,Cool Pavements,15,Cool Pavements,https://www.epa.gov/heat-islands/heat-island-compendium,367c18e0410229ba51873c9dd3a1e6c284b9c074119ac9d882937d03f88fac99,Primarily U.S.-based evidence; verify local applicability,Not established for Pakistan; assess site and climate context,pymupdf_sorted_blocks_cleaned_v4,300
367c18e0410229ba-p015-c002,367c18e0410229ba,reducing_urban_heat_islands_ch_5.pdf,Cool Pavements,U.S. Environmental Protection Agency,2008,Cool Pavements,15,Cool Pavements,https://www.epa.gov/heat-islands/heat-island-compendium,367c18e0410229ba51873c9dd3a1e6c284b9c074119ac9d882937d03f88fac99,Primarily U.S.-based evidence; verify local applicability,Not established for Pakistan; assess site and climate context,pymupdf_sorted_blocks_cleaned_v4,208
367c18e0410229ba-p016-c001,367c18e0410229ba,reducing_urban_heat_islands_ch_5.pdf,Cool Pavements,U.S. Environmental Protection Agency,2008,Cool Pavements,16,Cool Pavements,https://www.epa.gov/heat-islands/heat-island-compendium,367c18e0410229ba51873c9dd3a1e6c284b9c074119ac9d882937d03f88fac99,Primarily U.S.-based evidence; verify local applicability,Not established for Pakistan; assess site and climate context,pymupdf_sorted_blocks_cleaned_v4,301
367c18e0410229ba-p016-c002,367c18e0410229ba,reducing_urban_heat_islands_ch_5.pdf,Cool Pavements,U.S. Environmental Protection Agency,2008,Cool Pavements,16,Cool Pavements,https://www.epa.gov/heat-islands/heat-island-compendium,367c18e0410229ba51873c9dd3a1e6c284b9c074119ac9d882937d03f88fac99,Primarily U.S.-based evidence; verify local applicability,Not established for Pakistan; assess site and climate context,pymupdf_sorted_blocks_cleaned_v4,249
367c18e0410229ba-p017-c001,367c18e0410229ba,reducing_urban_heat_islands_ch_5.pdf,Cool Pavements,U.S. Environmental Protection Agency,2008,Cool Pavements,17,Cool Pavements,https://www.epa.gov/heat-islands/heat-island-compendium,367c18e0410229ba51873c9dd3a1e6c284b9c074119ac9d882937d03f88fac99,Primarily U.S.-based evidence; verify local applicability,Not established for Pakistan; assess site and climate context,pymupdf_sorted_blocks_cleaned_v4,160
367c18e0410229ba-p018-c001,367c18e0410229ba,reducing_urban_heat_islands_ch_5.pdf,Cool Pavements,U.S. Environmental Protection Agency,2008,Cool Pavements,18,Cool Pavements,https://www.epa.gov/heat-islands/heat-island-compendium,367c18e0410229ba51873c9dd3a1e6c284b9c074119ac9d882937d03f88fac99,Primarily U.S.-based evidence; verify local applicability,Not established for Pakistan; assess site and climate context,pymupdf_sorted_blocks_cleaned_v4,280
367c18e0410229ba-p019-c001,367c18e0410229ba,reducing_urban_heat_islands_ch_5.pdf,Cool Pavements,U.S. Environmental Protection Agency,2008,Cool Pavements,19,Cool Pavements,https://www.epa.gov/heat-islands/heat-island-compendium,367c18e0410229ba51873c9dd3a1e6c284b9c074119ac9d882937d03f88fac99,Primarily U.S.-based evidence; verify local applicability,Not established for Pakistan; assess site and climate context,pymupdf_sorted_blocks_cleaned_v4,260
367c18e0410229ba-p020-c001,367c18e0410229ba,reducing_urban_heat_islands_ch_5.pdf,Cool Pavements,U.S. Environmental Protection Agency,2008,Cool Pavements,20,Cool Pavements,https://www.epa.gov/heat-islands/heat-island-compendium,367c18e0410229ba51873c9dd3a1e6c284b9c074119ac9d882937d03f88fac99,Primarily U.S.-based evidence; verify local applicability,Not established for Pakistan; assess site and climate context,pymupdf_sorted_blocks_cleaned_v4,304
367c18e0410229ba-p021-c001,367c18e0410229ba,reducing_urban_heat_islands_ch_5.pdf,Cool Pavements,U.S. Environmental Protection Agency,2008,Cool Pavements,21,Cool Pavements,https://www.epa.gov/heat-islands/heat-island-compendium,367c18e0410229ba51873c9dd3a1e6c284b9c074119ac9d882937d03f88fac99,Primarily U.S.-based evidence; verify local applicability,Not established for Pakistan; assess site and climate context,pymupdf_sorted_blocks_cleaned_v4,317
367c18e0410229ba-p021-c002,367c18e0410229ba,reducing_urban_heat_islands_ch_5.pdf,Cool Pavements,U.S. Environmental Protection Agency,2008,Cool Pavements,21,Cool Pavements,https://www.epa.gov/heat-islands/heat-island-compendium,367c18e0410229ba51873c9dd3a1e6c284b9c074119ac9d882937d03f88fac99,Primarily U.S.-based evidence; verify local applicability,Not established for Pakistan; assess site and climate context,pymupdf_sorted_blocks_cleaned_v4,91
367c18e0410229ba-p022-c001,367c18e0410229ba,reducing_urban_heat_islands_ch_5.pdf,Cool Pavements,U.S. Environmental Protection Agency,2008,Cool Pavements,22,Cool Pavements,https://www.epa.gov/heat-islands/heat-island-compendium,367c18e0410229ba51873c9dd3a1e6c284b9c074119ac9d882937d03f88fac99,Primarily U.S.-based evidence; verify local applicability,Not established for Pakistan; assess site and climate context,pymupdf_sorted_blocks_cleaned_v4,250
367c18e0410229ba-p023-c001,367c18e0410229ba,reducing_urban_heat_islands_ch_5.pdf,Cool Pavements,U.S. Environmental Protection Agency,2008,Cool Pavements,23,Cool Pavements,https://www.epa.gov/heat-islands/heat-island-compendium,367c18e0410229ba51873c9dd3a1e6c284b9c074119ac9d882937d03f88fac99,Primarily U.S.-based evidence; verify local applicability,Not established for Pakistan; assess site and climate context,pymupdf_sorted_blocks_cleaned_v4,247
367c18e0410229ba-p024-c001,367c18e0410229ba,reducing_urban_heat_islands_ch_5.pdf,Cool Pavements,U.S. Environmental Protection Agency,2008,Cool Pavements,24,Cool Pavements,https://www.epa.gov/heat-islands/heat-island-compendium,367c18e0410229ba51873c9dd3a1e6c284b9c074119ac9d882937d03f88fac99,Primarily U.S.-based evidence; verify local applicability,Not established for Pakistan; assess site and climate context,pymupdf_sorted_blocks_cleaned_v4,252
367c18e0410229ba-p025-c001,367c18e0410229ba,reducing_urban_heat_islands_ch_5.pdf,Cool Pavements,U.S. Environmental Protection Agency,2008,Cool Pavements,25,Cool Pavements,https://www.epa.gov/heat-islands/heat-island-compendium,367c18e0410229ba51873c9dd3a1e6c284b9c074119ac9d882937d03f88fac99,Primarily U.S.-based evidence; verify local applicability,Not established for Pakistan; assess site and climate context,pymupdf_sorted_blocks_cleaned_v4,232
367c18e0410229ba-p026-c001,367c18e0410229ba,reducing_urban_heat_islands_ch_5.pdf,Cool Pavements,U.S. Environmental Protection Agency,2008,Cool Pavements,26,Cool Pavements,https://www.epa.gov/heat-islands/heat-island-compendium,367c18e0410229ba51873c9dd3a1e6c284b9c074119ac9d882937d03f88fac99,Primarily U.S.-based evidence; verify local applicability,Not established for Pakistan; assess site and climate context,pymupdf_sorted_blocks_cleaned_v4,309
367c18e0410229ba-p026-c002,367c18e0410229ba,reducing_urban_heat_islands_ch_5.pdf,Cool Pavements,U.S. Environmental Protection Agency,2008,Cool Pavements,26,Cool Pavements,https://www.epa.gov/heat-islands/heat-island-compendium,367c18e0410229ba51873c9dd3a1e6c284b9c074119ac9d882937d03f88fac99,Primarily U.S.-based evidence; verify local applicability,Not established for Pakistan; assess site and climate context,pymupdf_sorted_blocks_cleaned_v4,219
367c18e0410229ba-p027-c001,367c18e0410229ba,reducing_urban_heat_islands_ch_5.pdf,Cool Pavements,U.S. Environmental Protection Agency,2008,Cool Pavements,27,Cool Pavements,https://www.epa.gov/heat-islands/heat-island-compendium,367c18e0410229ba51873c9dd3a1e6c284b9c074119ac9d882937d03f88fac99,Primarily U.S.-based evidence; verify local applicability,Not established for Pakistan; assess site and climate context,pymupdf_sorted_blocks_cleaned_v4,284
367c18e0410229ba-p027-c002,367c18e0410229ba,reducing_urban_heat_islands_ch_5.pdf,Cool Pavements,U.S. Environmental Protection Agency,2008,Cool Pavements,27,Cool Pavements,https://www.epa.gov/heat-islands/heat-island-compendium,367c18e0410229ba51873c9dd3a1e6c284b9c074119ac9d882937d03f88fac99,Primarily U.S.-based evidence; verify local applicability,Not established for Pakistan; assess site and climate context,pymupdf_sorted_blocks_cleaned_v4,230
367c18e0410229ba-p028-c001,367c18e0410229ba,reducing_urban_heat_islands_ch_5.pdf,Cool Pavements,U.S. Environmental Protection Agency,2008,Cool Pavements,28,Cool Pavements,https://www.epa.gov/heat-islands/heat-island-compendium,367c18e0410229ba51873c9dd3a1e6c284b9c074119ac9d882937d03f88fac99,Primarily U.S.-based evidence; verify local applicability,Not established for Pakistan; assess site and climate context,pymupdf_sorted_blocks_cleaned_v4,306
367c18e0410229ba-p029-c001,367c18e0410229ba,reducing_urban_heat_islands_ch_5.pdf,Cool Pavements,U.S. Environmental Protection Agency,2008,Cool Pavements,29,Cool Pavements,https://www.epa.gov/heat-islands/heat-island-compendium,367c18e0410229ba51873c9dd3a1e6c284b9c074119ac9d882937d03f88fac99,Primarily U.S.-based evidence; verify local applicability,Not established for Pakistan; assess site and climate context,pymupdf_sorted_blocks_cleaned_v4,319
367c18e0410229ba-p029-c002,367c18e0410229ba,reducing_urban_heat_islands_ch_5.pdf,Cool Pavements,U.S. Environmental Protection Agency,2008,Cool Pavements,29,Cool Pavements,https://www.epa.gov/heat-islands/heat-island-compendium,367c18e0410229ba51873c9dd3a1e6c284b9c074119ac9d882937d03f88fac99,Primarily U.S.-based evidence; verify local applicability,Not established for Pakistan; assess site and climate context,pymupdf_sorted_blocks_cleaned_v4,144
367c18e0410229ba-p030-c001,367c18e0410229ba,reducing_urban_heat_islands_ch_5.pdf,Cool Pavements,U.S. Environmental Protection Agency,2008,Cool Pavements,30,Cool Pavements,https://www.epa.gov/heat-islands/heat-island-compendium,367c18e0410229ba51873c9dd3a1e6c284b9c074119ac9d882937d03f88fac99,Primarily U.S.-based evidence; verify local applicability,Not established for Pakistan; assess site and climate context,pymupdf_sorted_blocks_cleaned_v4,302
367c18e0410229ba-p030-c002,367c18e0410229ba,reducing_urban_heat_islands_ch_5.pdf,Cool Pavements,U.S. Environmental Protection Agency,2008,Cool Pavements,30,Cool Pavements,https://www.epa.gov/heat-islands/heat-island-compendium,367c18e0410229ba51873c9dd3a1e6c284b9c074119ac9d882937d03f88fac99,Primarily U.S.-based evidence; verify local applicability,Not established for Pakistan; assess site and climate context,pymupdf_sorted_blocks_cleaned_v4,181
367c18e0410229ba-p031-c001,367c18e0410229ba,reducing_urban_heat_islands_ch_5.pdf,Cool Pavements,U.S. Environmental Protection Agency,2008,Cool Pavements,31,Cool Pavements,https://www.epa.gov/heat-islands/heat-island-compendium,367c18e0410229ba51873c9dd3a1e6c284b9c074119ac9d882937d03f88fac99,Primarily U.S.-based evidence; verify local applicability,Not established for Pakistan; assess site and climate context,pymupdf_sorted_blocks_cleaned_v4,250
367c18e0410229ba-p032-c001,367c18e0410229ba,reducing_urban_heat_islands_ch_5.pdf,Cool Pavements,U.S. Environmental Protection Agency,2008,Cool Pavements,32,Cool Pavements,https://www.epa.gov/heat-islands/heat-island-compendium,367c18e0410229ba51873c9dd3a1e6c284b9c074119ac9d882937d03f88fac99,Primarily U.S.-based evidence; verify local applicability,Not established for Pakistan; assess site and climate context,pymupdf_sorted_blocks_cleaned_v4,294
367c18e0410229ba-p032-c002,367c18e0410229ba,reducing_urban_heat_islands_ch_5.pdf,Cool Pavements,U.S. Environmental Protection Agency,2008,Cool Pavements,32,Cool Pavements,https://www.epa.gov/heat-islands/heat-island-compendium,367c18e0410229ba51873c9dd3a1e6c284b9c074119ac9d882937d03f88fac99,Primarily U.S.-based evidence; verify local applicability,Not established for Pakistan; assess site and climate context,pymupdf_sorted_blocks_cleaned_v4,98
367c18e0410229ba-p033-c001,367c18e0410229ba,reducing_urban_heat_islands_ch_5.pdf,Cool Pavements,U.S. Environmental Protection Agency,2008,Cool Pavements,33,Cool Pavements,https://www.epa.gov/heat-islands/heat-island-compendium,367c18e0410229ba51873c9dd3a1e6c284b9c074119ac9d882937d03f88fac99,Primarily U.S.-based evidence; verify local applicability,Not established for Pakistan; assess site and climate context,pymupdf_sorted_blocks_cleaned_v4,274
367c18e0410229ba-p034-c001,367c18e0410229ba,reducing_urban_heat_islands_ch_5.pdf,Cool Pavements,U.S. Environmental Protection Agency,2008,Cool Pavements,34,Cool Pavements,https://www.epa.gov/heat-islands/heat-island-compendium,367c18e0410229ba51873c9dd3a1e6c284b9c074119ac9d882937d03f88fac99,Primarily U.S.-based evidence; verify local applicability,Not established for Pakistan; assess site and climate context,pymupdf_sorted_blocks_cleaned_v4,290
367c18e0410229ba-p035-c001,367c18e0410229ba,reducing_urban_heat_islands_ch_5.pdf,Cool Pavements,U.S. Environmental Protection Agency,2008,Cool Pavements,35,Cool Pavements,https://www.epa.gov/heat-islands/heat-island-compendium,367c18e0410229ba51873c9dd3a1e6c284b9c074119ac9d882937d03f88fac99,Primarily U.S.-based evidence; verify local applicability,Not established for Pakistan; assess site and climate context,pymupdf_sorted_blocks_cleaned_v4,317
367c18e0410229ba-p035-c002,367c18e0410229ba,reducing_urban_heat_islands_ch_5.pdf,Cool Pavements,U.S. Environmental Protection Agency,2008,Cool Pavements,35,Cool Pavements,https://www.epa.gov/heat-islands/heat-island-compendium,367c18e0410229ba51873c9dd3a1e6c284b9c074119ac9d882937d03f88fac99,Primarily U.S.-based evidence; verify local applicability,Not established for Pakistan; assess site and climate context,pymupdf_sorted_blocks_cleaned_v4,195
367c18e0410229ba-p036-c001,367c18e0410229ba,reducing_urban_heat_islands_ch_5.pdf,Cool Pavements,U.S. Environmental Protection Agency,2008,Cool Pavements,36,Cool Pavements,https://www.epa.gov/heat-islands/heat-island-compendium,367c18e0410229ba51873c9dd3a1e6c284b9c074119ac9d882937d03f88fac99,Primarily U.S.-based evidence; verify local applicability,Not established for Pakistan; assess site and climate context,pymupdf_sorted_blocks_cleaned_v4,318
367c18e0410229ba-p036-c002,367c18e0410229ba,reducing_urban_heat_islands_ch_5.pdf,Cool Pavements,U.S. Environmental Protection Agency,2008,Cool Pavements,36,Cool Pavements,https://www.epa.gov/heat-islands/heat-island-compendium,367c18e0410229ba51873c9dd3a1e6c284b9c074119ac9d882937d03f88fac99,Primarily U.S.-based evidence; verify local applicability,Not established for Pakistan; assess site and climate context,pymupdf_sorted_blocks_cleaned_v4,196
367c18e0410229ba-p037-c001,367c18e0410229ba,reducing_urban_heat_islands_ch_5.pdf,Cool Pavements,U.S. Environmental Protection Agency,2008,Cool Pavements,37,Cool Pavements,https://www.epa.gov/heat-islands/heat-island-compendium,367c18e0410229ba51873c9dd3a1e6c284b9c074119ac9d882937d03f88fac99,Primarily U.S.-based evidence; verify local applicability,Not established for Pakistan; assess site and climate context,pymupdf_sorted_blocks_cleaned_v4,319
367c18e0410229ba-p037-c002,367c18e0410229ba,reducing_urban_heat_islands_ch_5.pdf,Cool Pavements,U.S. Environmental Protection Agency,2008,Cool Pavements,37,Cool Pavements,https://www.epa.gov/heat-islands/heat-island-compendium,367c18e0410229ba51873c9dd3a1e6c284b9c074119ac9d882937d03f88fac99,Primarily U.S.-based evidence; verify local applicability,Not established for Pakistan; assess site and climate context,pymupdf_sorted_blocks_cleaned_v4,259
367c18e0410229ba-p038-c001,367c18e0410229ba,reducing_urban_heat_islands_ch_5.pdf,Cool Pavements,U.S. Environmental Protection Agency,2008,Cool Pavements,38,Cool Pavements,https://www.epa.gov/heat-islands/heat-island-compendium,367c18e0410229ba51873c9dd3a1e6c284b9c074119ac9d882937d03f88fac99,Primarily U.S.-based evidence; verify local applicability,Not established for Pakistan; assess site and climate context,pymupdf_sorted_blocks_cleaned_v4,315
367c18e0410229ba-p038-c002,367c18e0410229ba,reducing_urban_heat_islands_ch_5.pdf,Cool Pavements,U.S. Environmental Protection Agency,2008,Cool Pavements,38,Cool Pavements,https://www.epa.gov/heat-islands/heat-island-compendium,367c18e0410229ba51873c9dd3a1e6c284b9c074119ac9d882937d03f88fac99,Primarily U.S.-based evidence; verify local applicability,Not established for Pakistan; assess site and climate context,pymupdf_sorted_blocks_cleaned_v4,202
367c18e0410229ba-p039-c001,367c18e0410229ba,reducing_urban_heat_islands_ch_5.pdf,Cool Pavements,U.S. Environmental Protection Agency,2008,Cool Pavements,39,Cool Pavements,https://www.epa.gov/heat-islands/heat-island-compendium,367c18e0410229ba51873c9dd3a1e6c284b9c074119ac9d882937d03f88fac99,Primarily U.S.-based evidence; verify local applicability,Not established for Pakistan; assess site and climate context,pymupdf_sorted_blocks_cleaned_v4,318
367c18e0410229ba-p039-c002,367c18e0410229ba,reducing_urban_heat_islands_ch_5.pdf,Cool Pavements,U.S. Environmental Protection Agency,2008,Cool Pavements,39,Cool Pavements,https://www.epa.gov/heat-islands/heat-island-compendium,367c18e0410229ba51873c9dd3a1e6c284b9c074119ac9d882937d03f88fac99,Primarily U.S.-based evidence; verify local applicability,Not established for Pakistan; assess site and climate context,pymupdf_sorted_blocks_cleaned_v4,187
367c18e0410229ba-p040-c001,367c18e0410229ba,reducing_urban_heat_islands_ch_5.pdf,Cool Pavements,U.S. Environmental Protection Agency,2008,Cool Pavements,40,Cool Pavements,https://www.epa.gov/heat-islands/heat-island-compendium,367c18e0410229ba51873c9dd3a1e6c284b9c074119ac9d882937d03f88fac99,Primarily U.S.-based evidence; verify local applicability,Not established for Pakistan; assess site and climate context,pymupdf_sorted_blocks_cleaned_v4,229
